College,City,Role,Previous CTC,Previous job change,Graduation Marks,EXP (Month),CTC
IGDTUW,Kozhikode,Executive,70240.08,3,42,60,87239.17
Manipal Main Campus,Rajpur Sonarpur,Executive,70864.75,4,83,25,72828.36
IIT Delhi,Ajmer,Executive,52668.2,1,66,21,76743.69
DTU,Rourkela,Executive,68699.17,3,40,52,98765.35
IIIT Delhi,Ajmer,Executive,72140.75,2,36,43,99670.91
VIT Vellore,Dehradun,Executive,45581.24,3,75,24,68386.94
IIT Bombay,Mumbai,Executive,66514.2,4,61,55,72546.2
"IEM, Kolkata",Hyderabad,Executive,62257.46,2,79,19,116883.33
IIT Madras,Dehradun,Executive,40614.68,1,39,29,72320.89
IIITM Gwalior,Delhi,Executive,42821.83,4,47,47,114977.81
IIT Kharagpur,Asansol,Executive,52926.82,2,80,35,109046.83
IIT Madras,Kolkata,Executive,73614.71,4,66,18,79923.97
SRM Main Campus,Durgapur,Executive,48431.9,1,72,40,60566.9
IGDTUW,Dehradun,Executive,46759.06,1,76,42,118900.98
SVNIT Surat,Chennai,Executive,61355.91,3,49,55,86073.16
IIT Madras,Rajpur Sonarpur,Manager,48963.91,4,71,57,101528.38
IIT Bombay,Kolkata,Executive,67511.03,3,40,43,71631.29
IIT Kanpur,Durgapur,Executive,61722.57,4,53,46,91980.8
NIT Bhopal,Kolkata,Executive,44899.78,4,56,38,58677.51
"IEM, Kolkata",Durgapur,Manager,40663.39,3,78,25,96744.89
SRM Main Campus,Dehradun,Executive,52127.17,2,63,46,84669.03
VIT Vellore,Bangalore,Executive,48993.39,4,64,53,92867.56
NIT Calicut,Ajmer,Executive,62238.97,3,42,51,94667.36
IIIT Delhi,Mumbai,Executive,62066.42,2,64,53,93654.55
SVNIT Surat,Rajpur Sonarpur,Executive,43421.93,2,65,48,97334.35
DTU,Hyderabad,Executive,48185.54,3,69,42,72053.93
IIT Madras,Rajpur Sonarpur,Manager,59419.99,2,59,42,80332.85
IIT Kanpur,Mumbai,Executive,60836.91,4,78,61,100965.44
IIT Kharagpur,Bangalore,Manager,59176.58,4,71,38,96616.56
"Ramaiah Institute of Technology, Bengaluru",Kozhikode,Executive,67561.87,1,82,40,112593.62
IIT Bombay,Dehradun,Executive,73278.77,4,81,26,62167.15
IIITM Gwalior,Ajmer,Manager,65728.42,1,69,23,62793.81
IIITM Gwalior,Bangalore,Executive,42192.55,3,62,59,103492.65
IGDTUW,Mumbai,Executive,57711.98,2,65,40,78713.13
DTU,Dehradun,Executive,53667.67,1,55,36,80466.77
"Ramaiah Institute of Technology, Bengaluru",Asansol,Executive,63458.75,4,42,39,83486.78
IIT Madras,Durgapur,Manager,63787.76,2,71,54,55986.43
NIT Calicut,Bangalore,Manager,52564.11,1,46,19,81580.06
"Ramaiah Institute of Technology, Bengaluru",Dehradun,Manager,46266.46,2,43,58,101420.23
"Ramaiah Institute of Technology, Bengaluru",Durgapur,Executive,59122.81,2,52,63,116718.01
"KIIT, Bhubaneswar",Rourkela,Executive,57911.84,2,75,40,77948.8
IIT Kharagpur,Ajmer,Executive,67214.02,4,69,59,89128.45
SRM Main Campus,Rourkela,Executive,49080.92,4,75,21,104150.2
TIET/Thapar University,Mumbai,Executive,48573.13,1,61,51,65779.44
IIT Kanpur,Dehradun,Executive,65400.69,2,78,41,90805.34
NIT Bhopal,Durgapur,Manager,53375.81,4,59,18,94383.2
NIT Calicut,Mumbai,Executive,55177.71,4,50,41,107427.94
"Ramaiah Institute of Technology, Bengaluru",Durgapur,Executive,70359.78,2,78,33,93699.07
IIT Kharagpur,Ajmer,Executive,57100.71,1,66,26,74135.03
DTU,Bangalore,Executive,68111.79,1,45,35,93046.98
IIT Bombay,Delhi,Manager,67216.59,1,58,51,111157.43
IIT Delhi,Durgapur,Executive,51491.36,4,80,38,94283.93
NIT Calicut,Durgapur,Executive,47240.93,3,52,56,118782.85
NIT Bhopal,Asansol,Executive,46408.25,3,62,24,115085.01
"IEM, Kolkata",Delhi,Executive,60369.0,4,35,41,83915.0
"IEM, Kolkata",Kozhikode,Executive,50097.62,2,67,28,100208.45
IIT Kharagpur,Rourkela,Manager,45812.03,1,62,60,57861.42
"IEM, Kolkata",Kozhikode,Manager,42008.37,4,39,56,76667.58
IIIT Bangalore,Hyderabad,Executive,48354.42,3,68,36,67384.33
TIET/Thapar University,Chennai,Executive,60760.92,2,85,39,84705.34
IIT Delhi,Rajpur Sonarpur,Executive,45468.56,2,47,25,110351.3
IGDTUW,Dehradun,Executive,62799.28,2,82,47,108744.55
"KIIT, Bhubaneswar",Mumbai,Manager,62175.93,2,44,61,65420.86
VIT Vellore,Mumbai,Executive,40418.85,4,83,61,66805.62
IIIT Bangalore,Ajmer,Executive,52889.14,3,85,34,77740.43
NIT Bhopal,Kolkata,Executive,43711.93,3,53,49,110035.18
IIT Madras,Rajpur Sonarpur,Executive,41732.67,2,58,55,58968.51
IIITM Gwalior,Bangalore,Executive,72244.31,3,50,38,118735.38
VIT Vellore,Rajpur Sonarpur,Executive,72455.49,1,37,22,58745.99
SVNIT Surat,Ajmer,Executive,58862.69,4,41,49,114678.94
IIITM Gwalior,Chennai,Executive,62386.71,2,54,24,100343.58
DTU,Hyderabad,Executive,74511.9,1,53,53,101802.39
IIT Madras,Ajmer,Executive,43575.23,1,80,40,68466.44
NIT Calicut,Delhi,Executive,71275.94,3,48,36,110031.66
IIITM Gwalior,Delhi,Executive,66468.78,4,50,37,92254.17
IIT Bombay,Rourkela,Manager,61341.19,1,48,56,109622.17
IIIT Bangalore,Kolkata,Executive,61063.99,3,35,32,114322.47
DTU,Rajpur Sonarpur,Executive,66126.43,4,40,29,119317.33
IIT Madras,Delhi,Executive,42887.72,1,39,20,89518.39
DTU,Rourkela,Executive,60116.69,4,82,55,111868.9
IIITM Gwalior,Bangalore,Executive,53134.5,4,75,35,101028.03
DTU,Kolkata,Executive,65738.14,3,44,41,87421.46
"IEM, Kolkata",Delhi,Executive,52151.54,1,37,23,90178.28
IIIT Delhi,Ajmer,Executive,62123.98,4,71,19,87340.43
NIT Bhopal,Rajpur Sonarpur,Manager,68389.74,1,75,56,88571.2
"IEM, Kolkata",Asansol,Executive,57639.71,2,65,51,87157.57
"Ramaiah Institute of Technology, Bengaluru",Delhi,Executive,68407.15,4,70,28,113119.52
"KIIT, Bhubaneswar",Bangalore,Executive,54167.67,3,76,26,74376.71
IIT Kharagpur,Asansol,Manager,40687.37,3,70,42,108973.33
Manipal Main Campus,Bangalore,Manager,54319.81,3,84,18,77064.48
IIIT Bangalore,Rajpur Sonarpur,Executive,44491.31,4,37,47,74300.03
SVNIT Surat,Ajmer,Executive,59965.26,4,77,33,76783.8
"Ramaiah Institute of Technology, Bengaluru",Kolkata,Executive,64880.06,3,67,49,70340.83
IIT Bombay,Rourkela,Executive,48780.83,2,37,29,65861.56
IIT Kharagpur,Rourkela,Executive,53911.91,1,44,54,88090.97
"Ramaiah Institute of Technology, Bengaluru",Bangalore,Executive,66225.55,1,63,25,86840.71
Manipal Main Campus,Durgapur,Executive,65922.38,4,70,47,105262.05
IIITM Gwalior,Chennai,Executive,52306.31,1,42,40,75699.34
NIT Calicut,Rajpur Sonarpur,Executive,50121.5,2,80,64,57897.44
"KIIT, Bhubaneswar",Rourkela,Executive,45767.32,2,60,59,83096.18
NIT Bhopal,Rourkela,Executive,54841.81,1,69,46,63139.0
VIT Vellore,Kozhikode,Executive,46908.56,3,64,43,89627.97
DTU,Ajmer,Executive,50384.52,2,41,24,105973.97
IIT Bombay,Ajmer,Manager,42223.63,1,40,55,84818.9
IIITM Gwalior,Hyderabad,Executive,66851.6,3,39,62,80248.5
IIIT Bangalore,Dehradun,Manager,57473.97,1,42,59,81999.05
DTU,Kolkata,Executive,55563.02,2,85,47,72703.64
IIITM Gwalior,Bangalore,Executive,40773.98,3,41,60,108220.84
SVNIT Surat,Asansol,Executive,64157.15,4,70,46,98110.16
SRM Main Campus,Ajmer,Executive,59002.83,3,68,46,92502.85
IIIT Bangalore,Chennai,Executive,52537.43,2,36,29,85246.65
NIT Bhopal,Delhi,Executive,61334.25,1,78,57,69746.73
SRM Main Campus,Rajpur Sonarpur,Executive,69741.65,4,70,22,59130.35
"KIIT, Bhubaneswar",Rajpur Sonarpur,Executive,42337.54,2,77,26,115179.51
SRM Main Campus,Kozhikode,Executive,51830.78,3,55,23,55125.79
IIT Madras,Rourkela,Executive,65043.86,3,51,63,83304.23
IIT Kharagpur,Ajmer,Executive,49440.92,1,63,24,95829.66
IIT Kharagpur,Hyderabad,Executive,52700.47,4,85,60,60377.64
IIT Kanpur,Dehradun,Executive,55830.5,2,59,50,78073.58
NIT Calicut,Ajmer,Executive,61006.81,4,50,61,101908.43
IIITM Gwalior,Kolkata,Executive,52157.69,2,85,18,81398.44
VIT Vellore,Mumbai,Executive,72714.3,2,61,22,117183.64
IIT Kanpur,Asansol,Executive,64139.9,1,79,47,99514.11
IIIT Delhi,Ajmer,Executive,55467.96,4,73,43,66299.21
IIT Madras,Mumbai,Executive,65344.6,1,58,38,102088.91
"IEM, Kolkata",Rourkela,Executive,53742.19,3,54,27,97044.87
SVNIT Surat,Bangalore,Manager,62475.19,1,41,22,97119.7
"Ramaiah Institute of Technology, Bengaluru",Bangalore,Manager,64117.56,2,44,28,79166.18
IIT Madras,Dehradun,Manager,63400.62,4,83,44,59002.04
IIT Kanpur,Rourkela,Executive,50170.22,2,78,34,63603.55
IIT Kharagpur,Rajpur Sonarpur,Executive,56850.74,4,39,23,67226.14
SVNIT Surat,Durgapur,Executive,44913.26,4,51,39,58391.23
"KIIT, Bhubaneswar",Ajmer,Executive,42107.71,3,36,42,59294.29
IIT Madras,Durgapur,Executive,54011.56,1,80,33,75472.21
IIT Madras,Asansol,Executive,65669.73,2,38,64,63074.16
"IEM, Kolkata",Mumbai,Manager,59221.12,2,63,36,93292.56
IIIT Bangalore,Dehradun,Executive,48046.1,1,69,44,65722.53
Manipal Main Campus,Rajpur Sonarpur,Executive,46449.26,3,82,26,81841.71
DTU,Rourkela,Executive,60699.35,1,68,25,65825.57
IGDTUW,Dehradun,Executive,54851.39,3,55,36,93369.23
IIIT Bangalore,Durgapur,Executive,42053.52,2,45,19,93395.94
NIT Calicut,Kolkata,Executive,40022.53,4,74,54,76962.86
IIT Kharagpur,Delhi,Manager,64299.16,1,75,30,57074.29
NIT Bhopal,Bangalore,Executive,67725.53,4,41,63,58158.58
IIIT Delhi,Ajmer,Executive,67043.32,2,73,32,71730.84
IIIT Delhi,Ajmer,Executive,43784.3,3,52,56,96976.25
NIT Bhopal,Bangalore,Manager,47252.22,3,69,30,99972.0
IIT Delhi,Chennai,Executive,53452.31,2,77,59,59810.27
NIT Calicut,Rajpur Sonarpur,Executive,64670.71,4,57,41,66110.94
IIIT Delhi,Dehradun,Manager,74925.15,1,36,48,91911.68
Manipal Main Campus,Bangalore,Executive,50656.17,1,36,62,72075.05
IIT Bombay,Mumbai,Executive,62678.64,3,77,33,67313.5
IIT Madras,Delhi,Manager,56526.83,2,63,57,88156.24
"Ramaiah Institute of Technology, Bengaluru",Chennai,Executive,48177.86,4,65,31,76784.42
NIT Bhopal,Bangalore,Executive,73069.95,2,48,18,105067.32
IIT Kanpur,Delhi,Executive,65217.46,2,73,26,73167.59
IIITM Gwalior,Asansol,Executive,67108.12,2,58,21,69843.72
SVNIT Surat,Delhi,Executive,56666.56,3,41,64,115258.16
VIT Vellore,Ajmer,Manager,59988.82,2,80,19,73643.48
IIIT Bangalore,Rourkela,Executive,68379.16,1,78,41,84802.3
DTU,Kozhikode,Executive,48138.36,4,70,53,115616.86
IIIT Delhi,Rajpur Sonarpur,Executive,74629.95,3,81,29,61075.86
Manipal Main Campus,Kozhikode,Executive,60508.48,1,46,23,101915.34
SRM Main Campus,Ajmer,Executive,71194.59,1,49,29,107618.62
VIT Vellore,Rourkela,Executive,49990.38,1,63,62,60249.2
IIIT Bangalore,Chennai,Manager,64378.43,1,62,54,72087.62
Manipal Main Campus,Kozhikode,Executive,43729.96,3,59,26,85076.84
"Ramaiah Institute of Technology, Bengaluru",Delhi,Executive,65016.92,3,52,63,89756.45
SRM Main Campus,Hyderabad,Executive,56373.39,2,79,31,61351.67
SRM Main Campus,Kolkata,Executive,67139.98,1,48,35,105338.44
IIITM Gwalior,Kozhikode,Executive,47247.18,4,49,30,67306.87
NIT Bhopal,Bangalore,Manager,62588.47,1,69,47,103919.91
"IEM, Kolkata",Asansol,Executive,45969.09,4,74,26,112444.08
IIT Kanpur,Rajpur Sonarpur,Executive,59966.33,4,44,20,55562.57
IIT Kharagpur,Chennai,Executive,42682.3,1,81,35,64103.87
VIT Vellore,Hyderabad,Manager,49216.14,2,51,25,107953.19
VIT Vellore,Asansol,Executive,72398.93,3,65,46,103046.06
"Ramaiah Institute of Technology, Bengaluru",Durgapur,Executive,61667.27,3,67,22,66236.38
IIT Madras,Rourkela,Executive,71631.28,4,41,32,117318.34
VIT Vellore,Durgapur,Executive,71783.86,3,73,41,79622.51
SRM Main Campus,Bangalore,Executive,40754.89,4,61,20,80358.46
IIIT Bangalore,Rourkela,Executive,69202.67,4,70,36,101666.54
IIT Kharagpur,Hyderabad,Executive,71438.88,3,70,40,83276.74
TIET/Thapar University,Chennai,Executive,62455.05,4,37,32,108306.97
"IEM, Kolkata",Rourkela,Executive,62269.54,3,75,53,109064.59
SRM Main Campus,Ajmer,Executive,61018.62,4,49,61,87880.66
"KIIT, Bhubaneswar",Kozhikode,Executive,49145.51,3,71,30,69894.36
IIT Madras,Dehradun,Manager,63751.77,2,40,36,119397.96
IIIT Bangalore,Kolkata,Manager,61300.41,2,80,45,91899.76
NIT Bhopal,Mumbai,Executive,66604.8,2,50,37,65370.49
SVNIT Surat,Rourkela,Executive,63913.78,1,41,18,63373.18
IIT Bombay,Chennai,Executive,53870.7,4,77,51,76075.08
IIT Delhi,Bangalore,Executive,60486.91,1,43,57,109432.66
NIT Bhopal,Bangalore,Manager,51157.58,2,57,46,96918.41
IIT Delhi,Chennai,Executive,66166.87,3,61,22,77192.02
IIT Madras,Rourkela,Executive,70816.96,1,79,41,78758.73
Manipal Main Campus,Ajmer,Executive,53722.11,3,39,35,80396.96
IIIT Bangalore,Kolkata,Executive,43358.04,4,62,48,60058.8
NIT Bhopal,Durgapur,Executive,69101.69,3,69,57,106445.5
DTU,Bangalore,Executive,48079.65,3,56,21,56793.31
SRM Main Campus,Rajpur Sonarpur,Executive,56904.48,4,49,38,70933.05
"IEM, Kolkata",Delhi,Executive,72193.84,2,42,34,78154.05
"KIIT, Bhubaneswar",Kolkata,Executive,56605.58,1,60,35,105909.3
NIT Bhopal,Dehradun,Manager,69183.24,2,85,54,70517.97
IIT Madras,Hyderabad,Executive,69964.02,4,48,51,63381.92
IIITM Gwalior,Asansol,Manager,51192.79,4,66,45,61296.53
DTU,Dehradun,Executive,53633.33,1,37,37,88863.57
Manipal Main Campus,Durgapur,Executive,42714.84,4,73,29,119343.21
IGDTUW,Ajmer,Manager,45185.32,3,44,38,92398.22
IIT Kharagpur,Kolkata,Executive,49360.56,1,82,63,95961.75
NIT Bhopal,Rourkela,Executive,44412.21,2,46,64,69978.18
SVNIT Surat,Dehradun,Manager,54719.58,1,61,50,65030.32
IIT Delhi,Mumbai,Executive,46382.44,1,73,58,65849.58
"IEM, Kolkata",Asansol,Executive,53687.32,3,67,22,115388.74
VIT Vellore,Kozhikode,Executive,49544.14,1,43,44,74721.73
DTU,Hyderabad,Executive,48799.78,3,68,44,97746.68
IIT Bombay,Dehradun,Executive,62502.08,1,60,41,80581.59
IIIT Delhi,Rourkela,Executive,53883.59,4,51,20,66344.27
IIT Kanpur,Ajmer,Manager,59584.98,3,65,60,84067.85
VIT Vellore,Mumbai,Executive,55432.89,4,38,24,95881.29
TIET/Thapar University,Rourkela,Executive,71143.7,2,63,32,108669.34
IIT Delhi,Kolkata,Executive,46744.04,3,57,19,67069.87
NIT Calicut,Rourkela,Executive,49356.57,3,39,63,76369.19
IIT Kanpur,Rajpur Sonarpur,Executive,66330.31,2,43,20,102331.92
"IEM, Kolkata",Dehradun,Executive,40226.21,3,54,58,117248.79
IIIT Bangalore,Kolkata,Executive,67209.13,3,35,48,80999.03
IGDTUW,Bangalore,Manager,55827.64,3,54,64,90589.19
TIET/Thapar University,Asansol,Executive,51871.53,2,67,57,74176.19
IIT Delhi,Kozhikode,Executive,70847.62,4,65,37,96404.5
SVNIT Surat,Mumbai,Executive,68662.0,3,65,34,108242.03
IIT Bombay,Hyderabad,Executive,45823.75,1,44,59,88138.73
NIT Bhopal,Kozhikode,Executive,72150.12,1,68,63,80284.45
TIET/Thapar University,Durgapur,Executive,49049.9,4,43,25,84639.21
VIT Vellore,Ajmer,Executive,54200.73,1,68,23,107826.56
"Ramaiah Institute of Technology, Bengaluru",Ajmer,Executive,63964.45,3,46,41,99804.63
IIIT Bangalore,Asansol,Executive,46494.07,4,77,32,80617.27
IIT Bombay,Chennai,Executive,41619.44,4,73,46,57897.19
IIT Kanpur,Mumbai,Executive,70910.33,1,48,22,77145.05
DTU,Mumbai,Executive,50812.86,4,55,35,89477.78
NIT Calicut,Chennai,Executive,57996.55,3,58,57,76067.43
IIITM Gwalior,Delhi,Executive,64574.49,4,83,61,106980.58
IIITM Gwalior,Durgapur,Manager,50634.63,3,36,28,90467.66
NIT Calicut,Mumbai,Executive,46965.38,4,55,54,89273.72
IIT Madras,Durgapur,Executive,47987.18,3,62,57,76141.46
NIT Bhopal,Dehradun,Executive,48462.29,2,50,23,111540.48
NIT Bhopal,Kozhikode,Manager,57251.81,1,47,28,86819.11
"KIIT, Bhubaneswar",Chennai,Executive,53833.61,3,70,39,74273.5
IIT Kanpur,Mumbai,Executive,65115.48,2,84,31,89267.24
IIT Kanpur,Ajmer,Executive,69159.62,4,71,51,113467.89
IIT Bombay,Rourkela,Executive,61933.71,4,80,41,63933.78
SVNIT Surat,Asansol,Executive,62681.84,4,58,52,68429.62
"Ramaiah Institute of Technology, Bengaluru",Asansol,Manager,41196.48,3,76,38,88469.16
SVNIT Surat,Hyderabad,Executive,58776.01,3,52,55,76433.33
IIT Kharagpur,Kozhikode,Executive,57639.37,4,70,60,90620.73
IIITM Gwalior,Kolkata,Manager,51841.55,2,41,26,119149.67
"Ramaiah Institute of Technology, Bengaluru",Mumbai,Executive,68538.81,1,66,33,73558.73
NIT Calicut,Rourkela,Manager,51650.02,4,38,61,86562.66
VIT Vellore,Kolkata,Executive,53042.43,2,63,32,111316.56
"IEM, Kolkata",Rajpur Sonarpur,Executive,69125.02,1,45,46,60357.69
NIT Calicut,Hyderabad,Executive,50765.86,3,40,24,87974.51
IIT Kanpur,Kozhikode,Executive,40101.95,4,43,21,80933.57
IIITM Gwalior,Rajpur Sonarpur,Manager,64314.47,1,49,43,55840.13
"Ramaiah Institute of Technology, Bengaluru",Rourkela,Executive,52112.53,1,83,28,56404.77
NIT Calicut,Mumbai,Executive,69432.19,2,62,32,93580.53
TIET/Thapar University,Rajpur Sonarpur,Executive,62513.25,3,85,19,77062.91
DTU,Durgapur,Executive,59545.29,3,61,31,62671.1
SRM Main Campus,Dehradun,Manager,61853.6,2,49,61,85527.73
SVNIT Surat,Durgapur,Executive,55317.15,4,49,41,84379.58
NIT Calicut,Ajmer,Executive,54341.48,3,53,38,71047.67
IIT Delhi,Dehradun,Executive,74923.06,2,35,59,85689.66
IIT Kharagpur,Durgapur,Manager,51893.61,2,74,35,69137.37
SVNIT Surat,Bangalore,Executive,49964.56,3,81,51,74181.37
IIT Bombay,Kolkata,Manager,44203.38,1,51,47,84942.52
IIT Bombay,Mumbai,Executive,55276.5,2,37,37,112081.48
IIT Kanpur,Durgapur,Executive,53961.45,2,82,37,87710.62
IGDTUW,Hyderabad,Executive,73976.02,1,40,22,96383.56
IIITM Gwalior,Dehradun,Manager,68229.32,3,69,26,85603.77
IIITM Gwalior,Mumbai,Executive,53110.54,3,62,41,99823.08
Manipal Main Campus,Hyderabad,Executive,52836.43,2,52,36,63920.24
IIT Kharagpur,Kolkata,Manager,62487.89,4,83,33,67909.26
NIT Bhopal,Dehradun,Executive,44297.08,3,73,46,82458.27
"IEM, Kolkata",Kolkata,Executive,50043.9,4,60,58,90131.61
NIT Bhopal,Kozhikode,Manager,59500.45,1,42,49,94692.05
IIIT Delhi,Mumbai,Executive,45722.12,3,35,38,96966.1
NIT Bhopal,Asansol,Executive,73238.47,4,42,55,58859.3
IIIT Bangalore,Hyderabad,Executive,69580.43,1,40,55,117617.46
IIITM Gwalior,Rajpur Sonarpur,Executive,56802.16,4,68,46,109215.3
"Ramaiah Institute of Technology, Bengaluru",Rajpur Sonarpur,Executive,48385.48,1,68,40,109508.23
IIT Madras,Kozhikode,Executive,60342.77,3,60,19,81366.56
SRM Main Campus,Rourkela,Executive,43604.64,2,46,29,56334.26
VIT Vellore,Bangalore,Executive,54443.39,1,43,30,91262.13
IIIT Delhi,Mumbai,Executive,60480.83,3,42,18,61945.97
Manipal Main Campus,Kozhikode,Executive,63549.97,1,73,25,56767.12
IGDTUW,Rourkela,Executive,47788.02,3,46,58,93107.79
VIT Vellore,Asansol,Executive,72750.45,2,46,64,66956.15
VIT Vellore,Hyderabad,Executive,60583.15,2,56,31,106399.23
SRM Main Campus,Rajpur Sonarpur,Executive,41510.4,4,39,22,66927.56
IIIT Delhi,Hyderabad,Executive,72774.45,1,79,39,64372.86
IIITM Gwalior,Hyderabad,Executive,74571.14,2,79,60,108148.92
IIT Bombay,Chennai,Executive,43249.64,2,79,48,108689.75
IIT Kharagpur,Delhi,Executive,59759.07,4,51,20,119621.05
VIT Vellore,Bangalore,Executive,43083.48,2,43,33,87671.58
IIT Madras,Durgapur,Executive,72127.33,2,65,31,90181.83
IIITM Gwalior,Durgapur,Executive,46230.58,2,49,27,73870.22
"IEM, Kolkata",Mumbai,Executive,64929.61,2,59,61,55298.95
IIITM Gwalior,Bangalore,Manager,45043.24,3,64,46,77592.79
IIIT Bangalore,Kolkata,Executive,57982.57,4,74,21,100535.81
Manipal Main Campus,Delhi,Executive,48850.22,3,58,30,101922.74
"KIIT, Bhubaneswar",Chennai,Manager,71103.08,2,66,55,81492.72
IIIT Bangalore,Asansol,Manager,65957.92,4,76,26,76566.86
IIT Bombay,Kozhikode,Executive,55010.26,3,84,24,95397.2
Manipal Main Campus,Dehradun,Executive,42840.9,3,70,52,66000.94
IIITM Gwalior,Asansol,Executive,44218.46,3,48,29,66431.64
"KIIT, Bhubaneswar",Durgapur,Manager,43750.04,4,70,21,113513.14
SRM Main Campus,Rourkela,Executive,40544.17,1,45,27,88136.72
DTU,Rajpur Sonarpur,Executive,60208.8,3,58,55,61605.83
"IEM, Kolkata",Kolkata,Executive,65470.85,4,60,24,101279.97
IIITM Gwalior,Rourkela,Executive,43729.31,1,35,38,109848.39
IIT Kanpur,Kolkata,Executive,44110.64,1,52,18,69177.64
IGDTUW,Kolkata,Manager,63463.01,3,54,20,110462.42
IIITM Gwalior,Bangalore,Executive,60133.82,2,39,28,73868.28
NIT Calicut,Bangalore,Executive,41747.77,1,52,50,99037.61
VIT Vellore,Mumbai,Executive,73320.93,1,66,63,80017.47
DTU,Chennai,Executive,72856.29,3,66,52,87335.12
IIITM Gwalior,Asansol,Manager,61456.97,2,60,38,57253.18
IIIT Bangalore,Chennai,Executive,68527.99,3,83,27,108310.75
TIET/Thapar University,Hyderabad,Executive,58378.02,3,70,20,114594.94
IGDTUW,Kozhikode,Executive,54878.86,2,41,43,65217.83
IIT Bombay,Asansol,Manager,57679.01,4,64,18,63146.36
NIT Bhopal,Durgapur,Executive,57194.82,2,44,58,56975.44
NIT Bhopal,Rajpur Sonarpur,Executive,71696.35,2,76,30,115226.66
DTU,Kozhikode,Executive,60079.81,4,56,40,90654.57
"IEM, Kolkata",Hyderabad,Manager,44068.18,1,37,49,81360.12
IIITM Gwalior,Chennai,Executive,51262.61,4,35,50,76423.11
"Ramaiah Institute of Technology, Bengaluru",Chennai,Executive,66812.3,3,45,22,100556.01
"Ramaiah Institute of Technology, Bengaluru",Rajpur Sonarpur,Executive,59197.06,2,48,26,66404.3
IIIT Delhi,Delhi,Executive,57873.89,2,40,47,102853.09
IIT Madras,Dehradun,Executive,63695.15,4,58,47,104968.77
VIT Vellore,Kozhikode,Executive,51475.87,3,70,46,96762.98
IIT Madras,Kolkata,Executive,63395.76,2,55,44,106768.16
IIT Delhi,Kolkata,Executive,61308.58,1,36,63,108212.99
IIT Kanpur,Kozhikode,Executive,57351.86,1,65,23,110984.65
IIIT Bangalore,Ajmer,Executive,42904.19,2,75,51,112731.79
"IEM, Kolkata",Rajpur Sonarpur,Executive,60161.59,4,37,52,92508.17
NIT Bhopal,Dehradun,Executive,52830.06,1,47,46,69490.49
TIET/Thapar University,Hyderabad,Executive,60570.41,1,67,20,117205.0
IIIT Bangalore,Kolkata,Executive,69040.76,4,69,25,95876.82
IGDTUW,Durgapur,Executive,52394.37,2,67,19,74659.21
DTU,Rourkela,Executive,59026.75,3,36,20,119464.09
IGDTUW,Rajpur Sonarpur,Manager,46645.56,1,84,46,66744.26
Manipal Main Campus,Chennai,Executive,43795.16,1,46,31,94748.18
IIIT Delhi,Rajpur Sonarpur,Executive,70501.74,4,64,32,72241.9
VIT Vellore,Hyderabad,Executive,71734.08,1,78,63,101528.43
IGDTUW,Mumbai,Executive,41620.48,3,52,48,63043.28
IIT Delhi,Kolkata,Manager,54245.14,1,40,22,105778.27
SVNIT Surat,Delhi,Executive,56784.94,3,78,24,93290.49
IGDTUW,Bangalore,Executive,42795.18,1,78,58,93056.51
IIT Kharagpur,Dehradun,Executive,59478.51,4,56,40,91689.27
SRM Main Campus,Rajpur Sonarpur,Executive,44913.34,2,44,44,96833.69
"IEM, Kolkata",Dehradun,Executive,54074.14,1,46,25,96652.55
"KIIT, Bhubaneswar",Asansol,Executive,46054.27,3,51,30,78347.38
"IEM, Kolkata",Delhi,Executive,67743.08,1,73,37,74938.44
IGDTUW,Chennai,Executive,55220.48,3,75,18,77666.68
IIT Bombay,Rajpur Sonarpur,Executive,56505.18,3,52,46,75960.94
IGDTUW,Bangalore,Executive,43314.54,2,55,20,88494.73
"Ramaiah Institute of Technology, Bengaluru",Delhi,Executive,48533.89,1,41,26,103492.32
IIT Bombay,Rourkela,Manager,40404.6,4,66,23,89155.29
"KIIT, Bhubaneswar",Chennai,Executive,68195.2,2,66,54,65319.09
"IEM, Kolkata",Rourkela,Executive,42229.17,3,37,55,99052.62
IIT Bombay,Asansol,Manager,52368.84,4,64,60,76751.15
"IEM, Kolkata",Kolkata,Manager,73862.38,2,67,62,103828.52
IIT Madras,Hyderabad,Executive,46875.8,3,80,26,100887.12
IIIT Delhi,Bangalore,Executive,45958.47,4,52,51,88878.4
IIT Delhi,Durgapur,Executive,50415.45,4,37,45,77086.02
TIET/Thapar University,Kozhikode,Executive,56979.52,4,69,50,85842.74
"Ramaiah Institute of Technology, Bengaluru",Bangalore,Manager,41891.89,4,71,62,85793.61
"KIIT, Bhubaneswar",Durgapur,Executive,55272.25,4,72,23,61802.17
IIT Madras,Rajpur Sonarpur,Executive,65500.18,2,39,56,118310.86
DTU,Mumbai,Executive,47569.24,1,83,29,106498.96
Manipal Main Campus,Rourkela,Executive,70275.18,1,59,21,72403.9
IIIT Bangalore,Asansol,Executive,64851.09,2,47,47,82452.46
IIIT Bangalore,Asansol,Executive,62034.75,4,63,29,71262.58
NIT Calicut,Bangalore,Manager,66917.63,1,63,21,81014.91
VIT Vellore,Delhi,Executive,47889.59,4,84,38,103119.44
IIT Madras,Dehradun,Executive,55472.9,1,37,51,105538.23
VIT Vellore,Hyderabad,Executive,65032.42,1,36,33,81366.2
IIIT Bangalore,Ajmer,Executive,66987.25,2,74,25,70614.69
IIIT Delhi,Asansol,Executive,52909.05,3,49,30,82204.02
DTU,Rourkela,Executive,66734.13,2,84,40,96727.75
NIT Calicut,Durgapur,Executive,69325.8,4,35,64,107800.01
IIIT Delhi,Durgapur,Executive,45479.74,3,76,63,73002.78
"Ramaiah Institute of Technology, Bengaluru",Dehradun,Manager,53978.78,1,43,18,58388.73
DTU,Asansol,Executive,45790.84,3,84,23,91680.6
IIIT Delhi,Asansol,Executive,63675.96,1,75,50,97062.67
NIT Bhopal,Ajmer,Executive,73615.36,3,37,56,91645.12
Manipal Main Campus,Ajmer,Manager,47764.42,3,35,20,108575.85
IGDTUW,Asansol,Executive,50259.39,2,58,56,58755.28
"IEM, Kolkata",Kozhikode,Executive,73506.02,1,69,26,81716.95
IIT Kanpur,Dehradun,Executive,59100.79,4,55,29,118779.83
NIT Calicut,Delhi,Executive,53086.2,2,46,27,111562.6
IIT Madras,Bangalore,Executive,45565.56,1,70,38,96199.02
IIIT Delhi,Delhi,Executive,64383.97,4,47,21,65483.29
IIIT Bangalore,Kolkata,Executive,44796.44,1,62,49,101934.05
VIT Vellore,Kozhikode,Executive,72615.39,2,74,18,62081.85
DTU,Rajpur Sonarpur,Executive,55064.33,2,72,53,57067.97
IIITM Gwalior,Dehradun,Executive,59728.91,4,66,19,93315.08
TIET/Thapar University,Rourkela,Executive,57524.68,4,59,58,88809.89
IGDTUW,Hyderabad,Manager,42661.28,4,65,56,109003.43
IIT Bombay,Asansol,Executive,63639.87,4,71,42,89313.91
IIT Kharagpur,Delhi,Executive,72077.63,4,61,59,77264.39
"KIIT, Bhubaneswar",Chennai,Executive,49053.82,1,66,42,78758.3
IIT Kharagpur,Ajmer,Executive,74913.06,2,84,49,68990.6
NIT Bhopal,Mumbai,Manager,40824.23,1,60,34,109998.61
Manipal Main Campus,Rourkela,Executive,74340.95,3,40,21,113929.47
IGDTUW,Chennai,Executive,68866.42,2,43,20,56178.15
IIT Madras,Kolkata,Manager,44085.15,1,54,18,101899.73
VIT Vellore,Kozhikode,Manager,62861.39,4,82,54,116870.4
NIT Calicut,Chennai,Executive,70556.91,4,79,44,98391.62
IIIT Bangalore,Bangalore,Executive,73036.65,3,74,19,119939.75
"Ramaiah Institute of Technology, Bengaluru",Chennai,Manager,69109.79,2,77,35,107254.41
IIT Kharagpur,Ajmer,Manager,70211.62,2,55,55,95066.55
IIIT Delhi,Rourkela,Executive,42458.89,3,79,55,114280.72
IIT Bombay,Ajmer,Executive,54556.17,3,35,33,78213.23
IIT Bombay,Rajpur Sonarpur,Executive,62057.56,4,65,38,106452.33
Manipal Main Campus,Durgapur,Executive,74362.69,4,47,30,94629.28
IGDTUW,Mumbai,Executive,73259.25,1,35,43,65616.31
IIITM Gwalior,Dehradun,Executive,64227.06,1,84,23,56902.08
"IEM, Kolkata",Hyderabad,Executive,67718.9,2,84,22,99226.24
IGDTUW,Kozhikode,Manager,72771.24,4,76,27,74072.4
"IEM, Kolkata",Rajpur Sonarpur,Executive,46632.7,4,61,42,96074.28
NIT Bhopal,Bangalore,Executive,42811.19,3,60,18,69444.32
IIT Madras,Bangalore,Manager,64011.11,1,78,56,65762.34
DTU,Hyderabad,Executive,48204.45,2,62,30,92523.18
NIT Bhopal,Rourkela,Executive,62717.47,2,84,57,95922.03
IIITM Gwalior,Dehradun,Executive,60262.0,1,42,56,92844.87
IIT Kharagpur,Dehradun,Executive,52215.59,2,76,24,101647.87
IIT Kharagpur,Hyderabad,Executive,50727.53,1,50,37,74893.8
VIT Vellore,Bangalore,Executive,64144.54,4,37,23,87412.98
IIIT Bangalore,Chennai,Executive,57427.23,3,36,19,99128.48
"Ramaiah Institute of Technology, Bengaluru",Delhi,Executive,61609.8,3,57,60,65030.63
IIT Delhi,Dehradun,Executive,40749.82,4,57,34,61838.16
"Ramaiah Institute of Technology, Bengaluru",Kolkata,Manager,47691.79,2,35,60,65116.88
IIIT Bangalore,Kolkata,Executive,45820.7,2,66,43,109991.37
DTU,Delhi,Executive,68306.5,2,52,63,79264.64
VIT Vellore,Asansol,Manager,73583.92,1,48,47,69145.6
IIT Madras,Chennai,Manager,62546.05,1,38,44,82591.97
"Ramaiah Institute of Technology, Bengaluru",Dehradun,Executive,40212.5,2,53,52,71811.13
IIT Kharagpur,Dehradun,Executive,71507.0,2,37,55,61433.58
IIIT Bangalore,Kolkata,Executive,42444.11,4,45,46,102951.82
NIT Calicut,Kolkata,Executive,47641.72,1,35,55,58002.33
Manipal Main Campus,Bangalore,Executive,50491.02,3,57,63,95945.71
"Ramaiah Institute of Technology, Bengaluru",Ajmer,Executive,44954.01,3,57,39,102638.83
SVNIT Surat,Rourkela,Manager,73472.13,2,76,57,107564.81
SRM Main Campus,Durgapur,Manager,56593.87,3,43,28,68443.04
IIT Madras,Asansol,Executive,56238.99,4,73,44,73014.03
IIIT Delhi,Asansol,Executive,48339.07,2,77,63,83204.27
TIET/Thapar University,Durgapur,Manager,68951.92,4,50,42,78770.5
IIT Bombay,Hyderabad,Manager,74768.69,1,41,49,72498.21
"KIIT, Bhubaneswar",Asansol,Executive,40138.79,1,81,30,63425.04
IIIT Delhi,Kozhikode,Manager,47162.21,1,51,50,67393.28
Manipal Main Campus,Rajpur Sonarpur,Executive,74472.31,3,64,62,118986.19
Manipal Main Campus,Kozhikode,Executive,68488.97,3,81,38,114149.84
IIT Delhi,Bangalore,Manager,62782.92,1,41,60,86127.32
NIT Calicut,Kozhikode,Executive,69881.29,4,58,30,100095.28
DTU,Durgapur,Manager,50610.26,4,82,30,67189.26
TIET/Thapar University,Chennai,Executive,51855.04,1,45,60,110664.7
NIT Bhopal,Delhi,Executive,57543.81,2,67,28,116563.59
Manipal Main Campus,Kolkata,Executive,70988.65,4,74,62,57212.69
IIT Kharagpur,Mumbai,Executive,68452.95,1,77,25,76988.95
"IEM, Kolkata",Mumbai,Executive,45716.58,4,38,34,61088.11
"KIIT, Bhubaneswar",Asansol,Executive,63036.46,3,35,18,104994.29
IGDTUW,Mumbai,Executive,48648.8,4,68,33,119491.55
VIT Vellore,Ajmer,Manager,48181.14,2,46,29,92749.57
IIT Madras,Ajmer,Manager,53956.04,2,61,37,106043.02
"IEM, Kolkata",Mumbai,Executive,72058.21,3,76,23,118839.84
SVNIT Surat,Delhi,Manager,63384.51,4,60,26,93081.29
VIT Vellore,Hyderabad,Executive,73217.83,2,35,48,80996.95
IIIT Delhi,Hyderabad,Executive,70784.5,2,50,36,112482.13
SRM Main Campus,Kolkata,Manager,65951.5,1,48,37,107423.69
"KIIT, Bhubaneswar",Chennai,Executive,48029.03,3,65,33,98157.74
"KIIT, Bhubaneswar",Bangalore,Executive,72205.21,3,49,64,101003.88
"KIIT, Bhubaneswar",Dehradun,Manager,50968.06,3,68,24,87956.69
"IEM, Kolkata",Chennai,Executive,73688.13,4,78,27,64785.04
TIET/Thapar University,Delhi,Manager,63202.79,1,76,54,71550.76
IIT Madras,Kolkata,Executive,71743.57,2,79,34,57995.9
IIITM Gwalior,Asansol,Executive,43198.98,2,47,55,76216.93
"Ramaiah Institute of Technology, Bengaluru",Rajpur Sonarpur,Manager,50866.9,1,42,24,83221.41
NIT Calicut,Asansol,Manager,66294.44,4,76,26,89468.34
TIET/Thapar University,Kozhikode,Executive,51595.39,1,85,25,63629.12
IGDTUW,Rajpur Sonarpur,Executive,72646.35,4,53,34,109919.7
IGDTUW,Asansol,Manager,49916.42,2,56,63,62857.38
DTU,Dehradun,Executive,62755.31,1,40,33,86414.99
IIT Bombay,Durgapur,Manager,57282.22,3,84,23,59646.12
Manipal Main Campus,Delhi,Executive,55648.06,1,56,46,80785.71
NIT Bhopal,Ajmer,Executive,43091.65,4,76,35,66478.84
TIET/Thapar University,Kozhikode,Executive,73155.03,4,59,32,113931.74
NIT Calicut,Rourkela,Executive,74111.83,4,55,48,81424.21
IIIT Delhi,Rajpur Sonarpur,Executive,59443.53,3,65,64,87645.11
IIT Kanpur,Dehradun,Manager,54995.51,4,37,54,112577.71
VIT Vellore,Kolkata,Executive,59343.25,2,51,51,75390.82
TIET/Thapar University,Dehradun,Executive,52405.65,3,58,24,93870.8
"Ramaiah Institute of Technology, Bengaluru",Kozhikode,Executive,44922.1,3,82,24,67726.01
"Ramaiah Institute of Technology, Bengaluru",Durgapur,Manager,70954.77,1,35,58,78988.39
IIT Madras,Bangalore,Executive,59962.68,2,70,35,66080.11
"KIIT, Bhubaneswar",Bangalore,Executive,72976.91,2,35,55,90153.7
SRM Main Campus,Delhi,Executive,48846.47,3,52,46,100108.84
Manipal Main Campus,Chennai,Manager,40519.86,4,53,47,68943.55
"KIIT, Bhubaneswar",Delhi,Executive,51736.35,1,49,49,76358.06
"IEM, Kolkata",Ajmer,Executive,42918.64,2,84,47,80968.88
IIT Madras,Kozhikode,Executive,57178.94,1,55,48,56461.94
TIET/Thapar University,Rourkela,Manager,61612.18,1,61,38,112652.99
IIITM Gwalior,Kozhikode,Manager,50567.64,4,64,47,112575.66
NIT Bhopal,Hyderabad,Executive,74190.34,4,59,24,117536.95
DTU,Bangalore,Executive,51572.13,1,79,32,116349.46
NIT Bhopal,Asansol,Executive,67093.51,2,37,59,87750.96
IIIT Delhi,Delhi,Executive,42630.65,2,57,30,62681.57
IIT Madras,Delhi,Executive,73258.21,3,54,30,104352.62
IIITM Gwalior,Kozhikode,Executive,57058.52,3,45,64,64643.2
IIIT Bangalore,Asansol,Executive,73411.64,1,47,60,80497.69
DTU,Mumbai,Executive,64372.25,1,59,52,74614.07
SRM Main Campus,Rourkela,Executive,48429.2,2,53,60,108738.99
Manipal Main Campus,Bangalore,Executive,68809.89,4,46,18,117439.34
SRM Main Campus,Delhi,Manager,61851.56,2,45,32,107046.25
"KIIT, Bhubaneswar",Mumbai,Executive,48201.28,1,73,22,82180.35
NIT Bhopal,Durgapur,Executive,50561.46,3,63,52,62038.3
NIT Calicut,Chennai,Executive,44892.24,3,64,46,115038.98
TIET/Thapar University,Chennai,Executive,51593.84,2,77,58,96990.7
DTU,Chennai,Executive,62452.18,4,76,38,116485.35
IIITM Gwalior,Rourkela,Manager,49810.45,1,42,58,113377.29
VIT Vellore,Ajmer,Executive,52446.41,3,49,52,77968.3
NIT Calicut,Durgapur,Manager,71135.8,1,43,56,115354.75
SVNIT Surat,Kozhikode,Executive,74803.69,2,65,38,77033.52
"KIIT, Bhubaneswar",Mumbai,Manager,56981.88,1,67,55,63815.76
SVNIT Surat,Kolkata,Manager,61456.63,4,73,31,68179.98
IIT Bombay,Bangalore,Executive,56392.58,1,63,64,100370.78
IIIT Delhi,Kolkata,Executive,40725.25,3,67,27,79507.35
IIT Kanpur,Rourkela,Manager,56184.46,4,75,39,73479.45
IGDTUW,Bangalore,Executive,48164.19,1,70,50,119678.37
NIT Calicut,Rourkela,Executive,72717.87,1,61,33,104491.15
DTU,Rourkela,Executive,64061.72,2,38,25,56949.73
IIT Bombay,Hyderabad,Executive,72614.83,1,47,19,74028.71
SRM Main Campus,Rajpur Sonarpur,Executive,52676.15,1,67,44,73412.08
NIT Bhopal,Kolkata,Executive,45231.51,3,66,36,84325.6
IIITM Gwalior,Rourkela,Manager,73857.13,1,83,42,111893.69
IIT Madras,Dehradun,Manager,43048.6,1,36,54,112164.27
"KIIT, Bhubaneswar",Dehradun,Manager,71375.03,1,38,24,80584.47
IIT Madras,Rourkela,Executive,54202.95,3,81,39,82232.79
NIT Bhopal,Dehradun,Executive,51121.4,3,43,48,65006.23
SRM Main Campus,Hyderabad,Executive,45416.95,1,67,52,61548.37
SRM Main Campus,Dehradun,Executive,53305.26,2,63,45,99685.33
DTU,Durgapur,Executive,57564.52,3,59,63,55730.01
DTU,Mumbai,Executive,61848.15,3,57,26,64431.78
IIT Kanpur,Delhi,Executive,72358.94,3,58,61,90477.75
IIT Delhi,Kolkata,Manager,68273.73,2,57,50,97632.21
VIT Vellore,Rourkela,Executive,70878.43,4,41,47,103624.77
VIT Vellore,Mumbai,Executive,48680.21,4,84,24,57037.36
VIT Vellore,Asansol,Executive,67312.22,2,62,47,103176.3
IIT Delhi,Mumbai,Executive,54119.01,2,57,39,69103.85
IIT Kharagpur,Rajpur Sonarpur,Executive,51870.88,1,72,61,118257.06
TIET/Thapar University,Asansol,Executive,61104.13,3,53,62,89167.29
VIT Vellore,Dehradun,Executive,50289.84,1,66,63,69498.43
IIT Kharagpur,Mumbai,Manager,60004.3,4,67,32,83380.63
DTU,Rajpur Sonarpur,Manager,56115.6,4,46,30,110588.48
NIT Calicut,Ajmer,Executive,64803.79,3,85,64,99668.8
IIT Kanpur,Chennai,Executive,52294.78,2,43,53,66935.7
IIT Bombay,Chennai,Manager,63364.73,3,63,49,71640.17
IIT Kharagpur,Rourkela,Executive,66750.93,4,54,25,61068.68
NIT Calicut,Delhi,Executive,47545.68,4,51,59,90281.61
"KIIT, Bhubaneswar",Delhi,Manager,60582.63,3,63,33,110057.78
TIET/Thapar University,Rajpur Sonarpur,Executive,60324.43,1,55,34,71545.38
VIT Vellore,Kozhikode,Manager,65572.01,2,75,36,77002.0
IGDTUW,Chennai,Manager,74276.08,3,55,47,116651.36
NIT Bhopal,Ajmer,Executive,52140.15,4,71,61,79867.72
SVNIT Surat,Ajmer,Executive,68789.8,1,70,54,95244.56
IIT Kanpur,Mumbai,Executive,62696.0,3,44,21,89784.61
IIT Kanpur,Delhi,Manager,41661.71,4,36,64,92114.69
IIIT Delhi,Asansol,Executive,62585.16,3,59,41,83520.92
IIT Delhi,Kolkata,Executive,52300.23,1,77,62,110769.35
VIT Vellore,Kozhikode,Executive,41000.61,3,70,50,107452.03
TIET/Thapar University,Asansol,Manager,54141.43,1,52,37,65573.56
IIT Madras,Rourkela,Executive,52269.81,3,74,40,73676.1
"KIIT, Bhubaneswar",Chennai,Executive,56346.29,2,69,43,118652.8
IIT Kanpur,Mumbai,Executive,52446.78,4,65,32,64841.21
IIT Delhi,Asansol,Executive,60892.87,1,78,18,100403.87
TIET/Thapar University,Durgapur,Executive,46732.15,3,50,47,100360.49
NIT Bhopal,Rourkela,Executive,72490.3,1,44,39,114937.87
"Ramaiah Institute of Technology, Bengaluru",Kolkata,Executive,58616.63,1,39,36,104667.39
SVNIT Surat,Bangalore,Executive,51242.07,1,67,22,96316.33
Manipal Main Campus,Ajmer,Executive,55513.21,2,61,33,65117.25
Manipal Main Campus,Dehradun,Executive,61513.86,4,65,22,59550.68
IIT Madras,Hyderabad,Executive,43597.76,4,68,46,66522.59
IIITM Gwalior,Rajpur Sonarpur,Executive,57694.4,4,64,50,59549.4
Manipal Main Campus,Ajmer,Executive,64625.29,2,57,52,113410.07
IIT Kanpur,Ajmer,Executive,42766.71,3,50,26,96335.17
IIT Kanpur,Kozhikode,Executive,66946.1,1,74,42,76450.4
IIIT Delhi,Rourkela,Executive,63250.39,3,65,61,66185.77
IIT Madras,Hyderabad,Executive,72122.91,2,64,55,110683.19
NIT Calicut,Durgapur,Executive,68528.2,4,43,38,79324.13
IIITM Gwalior,Delhi,Manager,42308.14,2,83,53,83923.71
Manipal Main Campus,Asansol,Executive,55870.94,2,79,34,113863.45
NIT Calicut,Durgapur,Executive,52534.78,1,65,64,112567.88
IIT Bombay,Dehradun,Manager,42064.19,1,54,43,69883.74
IIT Kharagpur,Chennai,Executive,47322.78,2,84,36,108811.1
Manipal Main Campus,Hyderabad,Executive,58097.65,2,44,19,91469.36
IIT Delhi,Rourkela,Executive,68323.06,1,56,18,88154.88
IIIT Bangalore,Asansol,Executive,55628.23,3,41,46,63173.21
IIT Madras,Asansol,Executive,46914.87,1,48,62,99049.77
"KIIT, Bhubaneswar",Chennai,Executive,56382.96,4,55,52,75587.85
TIET/Thapar University,Kozhikode,Executive,71165.84,1,69,26,119857.77
TIET/Thapar University,Rourkela,Manager,74368.94,1,61,48,112254.41
SRM Main Campus,Kolkata,Executive,71450.61,1,58,25,113623.4
IIITM Gwalior,Delhi,Executive,61689.35,1,48,23,71637.12
NIT Calicut,Delhi,Executive,43871.21,2,71,52,67825.04
DTU,Bangalore,Executive,53500.54,3,62,30,114107.85
"Ramaiah Institute of Technology, Bengaluru",Kolkata,Executive,59173.98,3,79,40,91842.55
"KIIT, Bhubaneswar",Delhi,Executive,52364.1,1,44,48,113066.83
SRM Main Campus,Rourkela,Executive,43610.55,3,53,42,55317.89
IIT Bombay,Rajpur Sonarpur,Executive,51067.08,2,63,54,85908.79
"IEM, Kolkata",Kozhikode,Executive,50987.09,2,67,31,83270.42
IGDTUW,Asansol,Executive,63379.69,4,43,56,101650.61
IIIT Delhi,Chennai,Executive,44789.24,3,51,62,94747.4
IIIT Bangalore,Asansol,Executive,43811.4,4,72,32,88924.82
SRM Main Campus,Ajmer,Manager,46211.01,2,85,30,82820.37
"Ramaiah Institute of Technology, Bengaluru",Bangalore,Manager,49239.75,3,71,34,117697.01
VIT Vellore,Durgapur,Executive,44890.51,4,76,23,108521.34
DTU,Kozhikode,Executive,74176.36,4,66,37,66763.54
IIT Bombay,Dehradun,Executive,62310.04,4,57,61,58989.82
"IEM, Kolkata",Kolkata,Executive,63227.89,1,74,46,118255.96
IIT Bombay,Kolkata,Executive,52486.66,3,49,31,76372.63
IIIT Bangalore,Rourkela,Executive,63504.67,2,77,37,101638.86
Manipal Main Campus,Durgapur,Executive,59915.81,2,58,28,98286.32
"KIIT, Bhubaneswar",Delhi,Executive,74045.14,3,65,64,92563.03
Manipal Main Campus,Asansol,Executive,68634.0,2,66,62,79162.46
TIET/Thapar University,Rourkela,Manager,66821.35,3,68,48,55105.09
IIIT Delhi,Durgapur,Executive,71381.92,4,54,58,73433.99
IIT Delhi,Asansol,Executive,41924.51,3,46,57,71668.09
IIIT Bangalore,Hyderabad,Executive,41641.84,4,75,36,55918.98
"KIIT, Bhubaneswar",Rourkela,Manager,50723.57,4,73,51,79132.41
"Ramaiah Institute of Technology, Bengaluru",Kolkata,Executive,68127.41,3,79,60,94407.04
NIT Bhopal,Dehradun,Manager,54283.29,1,84,64,107644.82
IGDTUW,Kolkata,Manager,45870.3,1,80,22,80023.78
TIET/Thapar University,Delhi,Executive,50004.33,2,46,47,61556.37
IIT Bombay,Bangalore,Executive,54579.0,1,44,52,72392.12
IIT Delhi,Mumbai,Manager,64227.56,4,81,38,67101.48
IIITM Gwalior,Durgapur,Executive,62813.19,3,73,40,114519.95
"Ramaiah Institute of Technology, Bengaluru",Kolkata,Executive,58451.47,2,57,32,68007.5
SRM Main Campus,Delhi,Executive,66520.96,3,37,59,83291.64
SRM Main Campus,Durgapur,Manager,52811.7,1,42,34,113986.8
IIIT Bangalore,Asansol,Manager,74415.61,1,35,29,103139.77
IIT Bombay,Asansol,Manager,67493.38,2,79,50,79275.38
"KIIT, Bhubaneswar",Rajpur Sonarpur,Manager,71181.25,1,83,63,114856.67
IIIT Bangalore,Durgapur,Executive,52270.01,1,55,46,88037.71
IIIT Delhi,Ajmer,Executive,41481.57,2,76,58,88394.0
IIT Bombay,Dehradun,Executive,60134.35,3,36,21,111440.48
IGDTUW,Dehradun,Manager,48191.96,1,81,54,104788.83
IIT Kanpur,Delhi,Executive,51059.54,3,79,58,60896.91
DTU,Durgapur,Executive,46032.06,2,41,38,97708.84
IGDTUW,Chennai,Executive,71581.9,2,38,24,92432.07
"KIIT, Bhubaneswar",Mumbai,Manager,56245.24,2,50,49,80456.52
NIT Calicut,Mumbai,Executive,70917.76,1,57,18,117214.43
"Ramaiah Institute of Technology, Bengaluru",Kozhikode,Manager,68440.59,4,49,27,87871.4
IIT Kharagpur,Mumbai,Executive,73020.42,1,43,19,101004.87
NIT Calicut,Delhi,Executive,59047.27,1,78,58,73437.98
IIT Bombay,Chennai,Manager,50675.73,4,75,27,66294.64
VIT Vellore,Chennai,Executive,71979.11,4,41,39,111627.3
Manipal Main Campus,Dehradun,Executive,48013.54,4,84,34,74690.25
"Ramaiah Institute of Technology, Bengaluru",Kolkata,Executive,50746.93,1,40,45,64415.91
"Ramaiah Institute of Technology, Bengaluru",Hyderabad,Executive,57778.31,2,52,58,105145.58
"Ramaiah Institute of Technology, Bengaluru",Mumbai,Executive,47252.62,4,77,48,55398.45
IIT Delhi,Rajpur Sonarpur,Manager,40917.59,1,49,43,86319.7
"IEM, Kolkata",Rourkela,Executive,63347.91,3,35,49,105215.91
IIIT Delhi,Kozhikode,Executive,49666.98,3,67,18,94008.49
Manipal Main Campus,Rourkela,Executive,52196.13,3,44,50,96057.93
IIITM Gwalior,Asansol,Executive,61242.65,3,71,43,117905.1
IIT Kanpur,Dehradun,Manager,62688.43,4,50,32,97875.36
IIT Madras,Kolkata,Executive,68773.61,4,85,61,81402.5
IIT Madras,Ajmer,Executive,64316.94,4,84,26,92753.41
IGDTUW,Mumbai,Manager,47887.08,3,45,27,115334.53
NIT Bhopal,Chennai,Executive,71890.36,1,53,29,103257.02
TIET/Thapar University,Durgapur,Manager,48906.04,1,39,41,76096.22
SRM Main Campus,Hyderabad,Executive,44514.39,1,64,64,55411.05
IIIT Bangalore,Rourkela,Executive,44426.15,2,67,46,103017.78
IIITM Gwalior,Rajpur Sonarpur,Manager,62293.63,3,47,34,86359.69
NIT Calicut,Delhi,Manager,45626.39,2,77,56,115579.22
IIT Kanpur,Ajmer,Executive,53913.49,2,54,22,117687.83
IIIT Bangalore,Asansol,Executive,60129.05,1,70,64,77602.59
IIT Delhi,Chennai,Manager,65423.57,2,52,30,90896.2
"KIIT, Bhubaneswar",Delhi,Executive,70978.49,3,51,62,64664.67
SVNIT Surat,Bangalore,Executive,53918.14,4,68,52,84175.08
"IEM, Kolkata",Dehradun,Executive,63934.75,3,43,46,57626.73
Manipal Main Campus,Bangalore,Executive,44923.12,4,78,55,94249.21
IIT Kanpur,Chennai,Manager,69218.49,3,47,60,93963.56
Manipal Main Campus,Dehradun,Executive,62960.75,2,82,20,119188.6
"IEM, Kolkata",Rourkela,Executive,69211.79,4,73,56,102785.83
IIT Delhi,Rourkela,Executive,46429.04,4,51,63,99534.6
NIT Calicut,Dehradun,Executive,74556.58,3,38,35,98530.53
VIT Vellore,Hyderabad,Manager,49154.14,4,67,61,71563.67
TIET/Thapar University,Bangalore,Executive,42275.12,2,56,62,70038.12
Manipal Main Campus,Mumbai,Executive,57073.46,3,82,19,55669.33
NIT Bhopal,Delhi,Executive,59845.38,2,59,42,73990.97
"IEM, Kolkata",Bangalore,Executive,51352.84,2,38,61,116872.15
SRM Main Campus,Hyderabad,Executive,41632.89,3,69,29,90043.54
IIT Madras,Kozhikode,Executive,56579.82,1,70,37,118358.71
Manipal Main Campus,Durgapur,Executive,63132.89,1,68,58,117362.58
SVNIT Surat,Mumbai,Executive,55077.11,3,63,64,72669.22
IGDTUW,Dehradun,Executive,61870.88,4,73,53,72659.49
SVNIT Surat,Rajpur Sonarpur,Executive,69537.07,1,83,44,55333.32
IIT Madras,Dehradun,Executive,51890.48,3,45,61,91860.76
IIITM Gwalior,Mumbai,Executive,40969.48,4,73,62,115885.94
IIT Delhi,Rourkela,Executive,72292.61,2,35,64,98451.44
SVNIT Surat,Delhi,Executive,58989.99,1,47,55,68279.39
TIET/Thapar University,Durgapur,Executive,66878.02,4,64,34,107438.25
NIT Bhopal,Asansol,Executive,49930.12,4,39,20,100014.38
IIT Bombay,Asansol,Manager,43087.2,3,41,43,57865.74
Manipal Main Campus,Ajmer,Executive,55702.64,4,61,48,63742.4
NIT Calicut,Durgapur,Executive,58613.64,4,39,52,117253.07
IIT Delhi,Kolkata,Executive,72992.24,3,49,37,99492.46
IIT Bombay,Bangalore,Executive,43929.53,2,70,42,56314.71
"KIIT, Bhubaneswar",Mumbai,Executive,42772.43,4,63,22,79816.12
IIIT Delhi,Bangalore,Executive,70157.01,1,70,23,72015.44
IIITM Gwalior,Kolkata,Executive,42573.95,2,84,41,72679.06
NIT Bhopal,Bangalore,Executive,62284.89,3,54,35,99398.92
DTU,Durgapur,Executive,59823.0,3,43,31,102209.46
VIT Vellore,Bangalore,Manager,50369.35,4,61,55,103504.02
IIITM Gwalior,Delhi,Manager,40046.68,1,77,43,69419.22
Manipal Main Campus,Ajmer,Manager,68411.29,1,78,33,83607.48
IIIT Bangalore,Hyderabad,Executive,66632.81,2,35,31,108146.68
IIIT Delhi,Mumbai,Executive,44252.33,1,47,61,88632.38
IIITM Gwalior,Rourkela,Executive,70776.28,3,50,42,96644.04
TIET/Thapar University,Delhi,Executive,44538.98,3,82,56,106282.08
IIIT Delhi,Bangalore,Executive,68024.58,4,35,56,86206.42
IIT Kanpur,Rajpur Sonarpur,Executive,49578.81,2,43,30,85267.77
SVNIT Surat,Rajpur Sonarpur,Executive,48851.25,1,77,52,98974.21
DTU,Hyderabad,Manager,51592.94,1,53,64,95189.73
TIET/Thapar University,Durgapur,Executive,70563.84,3,54,43,116573.12
IIT Delhi,Ajmer,Executive,71773.93,3,82,46,58233.4
SVNIT Surat,Rajpur Sonarpur,Executive,57484.48,4,74,29,75407.57
IIT Madras,Asansol,Manager,52018.11,1,69,60,113231.6
"IEM, Kolkata",Kolkata,Manager,69417.87,1,55,38,105680.15
IIT Bombay,Rajpur Sonarpur,Executive,59139.35,4,64,35,114613.05
"KIIT, Bhubaneswar",Bangalore,Manager,43025.1,1,54,40,88415.64
VIT Vellore,Chennai,Executive,73470.89,1,85,56,84192.05
DTU,Bangalore,Executive,49501.88,4,56,26,72754.03
IIITM Gwalior,Hyderabad,Executive,67660.12,2,45,38,63921.61
IIT Kharagpur,Kozhikode,Manager,53793.81,4,65,47,85285.44
IIT Kanpur,Durgapur,Executive,74352.54,3,37,40,118934.54
IIT Madras,Rajpur Sonarpur,Executive,55410.82,2,61,64,64798.73
DTU,Mumbai,Executive,55537.59,1,60,30,84913.83
"IEM, Kolkata",Kozhikode,Executive,44303.87,3,74,53,86115.59
IGDTUW,Kolkata,Manager,73171.37,4,70,56,55339.05
IIT Bombay,Delhi,Executive,67504.34,3,83,60,87808.23
TIET/Thapar University,Asansol,Manager,62438.27,4,85,41,113246.84
SRM Main Campus,Rajpur Sonarpur,Executive,58339.36,3,71,42,81580.0
TIET/Thapar University,Chennai,Executive,51940.71,1,64,23,55532.29
IIT Kharagpur,Mumbai,Executive,52864.9,2,38,29,60049.8
IIITM Gwalior,Durgapur,Executive,45614.28,3,82,38,68758.18
NIT Calicut,Asansol,Executive,59791.61,2,35,45,110029.08
IIT Kanpur,Kozhikode,Executive,52129.27,2,85,21,76404.39
IIT Kharagpur,Kozhikode,Executive,59528.79,2,46,45,101807.34
IGDTUW,Mumbai,Manager,64792.05,2,51,57,108487.4
SVNIT Surat,Bangalore,Manager,42171.68,2,77,24,79165.69
TIET/Thapar University,Dehradun,Manager,54575.68,3,63,33,64211.17
SVNIT Surat,Asansol,Manager,47582.32,1,66,29,107798.01
VIT Vellore,Dehradun,Executive,46569.92,4,80,26,80734.42
VIT Vellore,Bangalore,Executive,41635.7,4,79,48,95333.01
NIT Calicut,Delhi,Executive,52895.19,1,71,26,111874.83
IGDTUW,Mumbai,Executive,66611.51,4,83,35,115711.98
"IEM, Kolkata",Rourkela,Manager,58040.97,2,37,32,74804.35
Manipal Main Campus,Rajpur Sonarpur,Manager,63153.55,1,52,55,86185.76
IIT Kharagpur,Ajmer,Executive,56246.06,3,56,23,107399.32
IIT Delhi,Durgapur,Executive,60586.56,2,48,61,65742.76
IIT Kanpur,Durgapur,Executive,69588.57,2,57,55,97491.18
IIT Delhi,Kolkata,Executive,72260.97,4,51,52,99671.74
"Ramaiah Institute of Technology, Bengaluru",Ajmer,Manager,42429.66,2,76,30,94083.27
NIT Calicut,Rourkela,Manager,69735.53,4,64,22,109703.96
IIIT Bangalore,Rajpur Sonarpur,Executive,55711.15,2,47,35,58969.99
TIET/Thapar University,Kozhikode,Executive,66665.67,1,62,39,83889.49
Manipal Main Campus,Dehradun,Executive,51898.35,4,85,53,100197.99
SVNIT Surat,Ajmer,Manager,65751.21,2,79,31,63192.23
IIT Delhi,Delhi,Executive,73886.78,3,51,35,58715.52
TIET/Thapar University,Mumbai,Manager,48469.61,1,72,21,119366.54
"IEM, Kolkata",Kolkata,Executive,44918.09,4,37,22,116875.45
"IEM, Kolkata",Rajpur Sonarpur,Executive,63463.84,3,38,41,89215.45
SVNIT Surat,Chennai,Executive,72862.35,4,80,30,82174.94
Manipal Main Campus,Chennai,Executive,67402.25,4,49,49,75507.44
DTU,Kozhikode,Manager,72137.06,2,80,64,118695.95
IIITM Gwalior,Rajpur Sonarpur,Executive,50550.71,3,70,31,96118.9
IIIT Bangalore,Mumbai,Executive,53409.2,3,47,43,112587.9
NIT Calicut,Bangalore,Executive,60848.83,4,52,18,62967.37
SRM Main Campus,Mumbai,Executive,48070.47,3,61,23,89620.48
IIIT Delhi,Rajpur Sonarpur,Executive,67379.96,2,42,19,100410.29
IIT Kanpur,Rourkela,Executive,57556.53,1,38,40,95834.29
IGDTUW,Ajmer,Executive,47018.25,3,67,32,85932.68
IIIT Delhi,Durgapur,Executive,61695.27,2,45,57,115246.77
"KIIT, Bhubaneswar",Delhi,Executive,74960.34,4,79,56,119032.83
IGDTUW,Durgapur,Executive,63755.51,3,35,39,109066.39
Manipal Main Campus,Dehradun,Executive,71816.39,4,54,39,76146.87
"Ramaiah Institute of Technology, Bengaluru",Bangalore,Executive,53277.63,4,46,27,86214.41
IGDTUW,Rourkela,Executive,57038.3,4,62,50,81280.67
IIT Kanpur,Chennai,Executive,58530.71,3,40,48,113936.66
VIT Vellore,Kozhikode,Executive,52051.57,1,61,46,84200.72
IIIT Bangalore,Kozhikode,Executive,43057.97,2,56,26,92856.71
Manipal Main Campus,Delhi,Executive,72382.57,3,54,51,96987.81
SVNIT Surat,Dehradun,Executive,54681.3,4,40,51,94886.91
SVNIT Surat,Chennai,Executive,50167.96,2,40,40,62030.57
IIT Delhi,Chennai,Executive,57137.09,1,79,19,93890.99
DTU,Delhi,Executive,40952.72,3,65,39,112151.26
IIIT Bangalore,Chennai,Manager,46662.26,2,84,19,63075.73
IIT Bombay,Kolkata,Executive,65886.34,1,55,23,74884.2
"KIIT, Bhubaneswar",Durgapur,Executive,42576.23,2,62,61,69868.52
IIT Kharagpur,Bangalore,Executive,63467.43,4,83,23,57219.1
IIITM Gwalior,Delhi,Executive,70540.95,4,57,23,80495.44
IIIT Delhi,Dehradun,Executive,49703.88,1,69,22,69385.47
TIET/Thapar University,Hyderabad,Executive,50201.35,3,76,44,78096.11
IIITM Gwalior,Asansol,Executive,58951.83,4,75,20,113584.57
IIT Madras,Ajmer,Executive,44176.31,2,54,34,72451.67
IIT Delhi,Delhi,Executive,46486.79,2,36,59,97430.19
"KIIT, Bhubaneswar",Rajpur Sonarpur,Manager,43278.38,3,60,44,66884.8
TIET/Thapar University,Mumbai,Executive,55721.72,2,84,51,88580.47
"IEM, Kolkata",Dehradun,Executive,40513.31,4,41,51,91897.45
Manipal Main Campus,Delhi,Executive,73526.56,4,71,24,95260.42
IGDTUW,Rourkela,Executive,45136.37,1,81,55,63886.43
"IEM, Kolkata",Rajpur Sonarpur,Executive,62218.9,4,38,26,57953.23
IIT Delhi,Dehradun,Executive,56566.35,4,82,22,57015.12
"Ramaiah Institute of Technology, Bengaluru",Dehradun,Executive,41041.35,1,53,51,67332.41
DTU,Delhi,Executive,73965.58,4,47,59,97875.98
"IEM, Kolkata",Chennai,Manager,44712.5,1,74,31,96427.3
NIT Calicut,Durgapur,Executive,52989.22,4,55,25,102025.97
TIET/Thapar University,Asansol,Manager,68351.51,2,75,33,72555.46
SVNIT Surat,Kozhikode,Manager,58503.91,4,65,51,83205.74
Manipal Main Campus,Rourkela,Executive,48273.05,2,41,21,111419.95
Manipal Main Campus,Rajpur Sonarpur,Executive,49422.55,4,72,24,59567.17
DTU,Rourkela,Manager,68490.02,2,45,30,82294.8
DTU,Durgapur,Executive,65941.36,3,63,21,66785.33
TIET/Thapar University,Mumbai,Manager,61894.49,1,37,21,72807.96
"IEM, Kolkata",Kolkata,Executive,69401.8,1,36,25,71133.11
"Ramaiah Institute of Technology, Bengaluru",Rourkela,Executive,40516.34,3,46,25,114466.03
"IEM, Kolkata",Dehradun,Manager,64648.4,3,76,63,110696.57
IIT Kharagpur,Dehradun,Executive,48665.65,1,39,59,56572.6
IIT Bombay,Kolkata,Executive,44749.05,3,72,34,97522.4
NIT Bhopal,Chennai,Executive,57896.31,2,55,27,92776.23
Manipal Main Campus,Kozhikode,Executive,74053.88,4,38,35,75316.09
SVNIT Surat,Kolkata,Manager,64941.21,2,40,27,107292.72
IIIT Bangalore,Hyderabad,Executive,64733.67,2,84,27,71174.26
IIT Bombay,Kozhikode,Executive,67038.64,3,48,52,89332.95
NIT Calicut,Dehradun,Executive,64486.29,2,76,36,77868.44
"Ramaiah Institute of Technology, Bengaluru",Asansol,Executive,55921.22,2,63,41,102413.79
"KIIT, Bhubaneswar",Kozhikode,Manager,50860.87,3,60,33,115873.2
IIT Kanpur,Bangalore,Executive,64485.31,1,51,58,88174.53
DTU,Mumbai,Executive,51832.27,2,55,59,95889.87
IIT Delhi,Delhi,Manager,61688.51,3,40,19,74483.56
VIT Vellore,Kozhikode,Executive,43744.79,4,55,56,112063.0
VIT Vellore,Dehradun,Manager,46434.58,4,68,40,115011.58
DTU,Bangalore,Executive,69232.57,3,51,45,112260.01
DTU,Rajpur Sonarpur,Executive,53883.71,2,70,60,68998.68
TIET/Thapar University,Kolkata,Executive,65593.46,3,85,47,109042.29
NIT Calicut,Kolkata,Executive,50228.33,4,60,31,57003.1
Manipal Main Campus,Hyderabad,Executive,74830.8,4,51,53,105737.38
IIT Delhi,Hyderabad,Manager,62985.26,3,43,25,87236.75
DTU,Hyderabad,Manager,69106.76,1,36,31,60511.78
SVNIT Surat,Asansol,Executive,69602.47,1,43,35,68818.38
IIIT Delhi,Delhi,Executive,72805.54,4,63,55,114567.63
IIIT Delhi,Dehradun,Executive,73552.71,3,59,61,70514.41
Manipal Main Campus,Kolkata,Executive,71796.34,2,44,44,111118.42
NIT Bhopal,Chennai,Executive,72714.86,1,54,21,109173.81
"Ramaiah Institute of Technology, Bengaluru",Dehradun,Executive,69489.12,4,56,18,56055.43
NIT Calicut,Rourkela,Executive,56462.0,1,66,28,79887.49
SVNIT Surat,Hyderabad,Executive,71430.94,1,76,19,55766.27
IIT Kharagpur,Rajpur Sonarpur,Executive,51981.4,1,78,49,96733.61
IIT Kanpur,Rajpur Sonarpur,Manager,55571.08,1,63,31,114047.28
IIT Delhi,Rajpur Sonarpur,Executive,71972.38,3,71,38,65711.62
IIT Bombay,Asansol,Executive,64228.8,4,84,30,85993.61
SVNIT Surat,Bangalore,Executive,58962.33,3,59,34,75762.83
IGDTUW,Kolkata,Executive,53757.9,3,50,41,85133.99
IIIT Bangalore,Rourkela,Executive,44979.03,2,82,45,104295.74
IIIT Delhi,Hyderabad,Executive,52132.14,1,58,56,83628.02
SVNIT Surat,Dehradun,Executive,49263.72,3,54,24,104745.49
NIT Bhopal,Mumbai,Executive,68739.22,3,51,41,62332.05
TIET/Thapar University,Delhi,Executive,41257.12,2,60,49,85725.76
NIT Bhopal,Rajpur Sonarpur,Manager,59012.9,1,56,56,64229.68
NIT Calicut,Dehradun,Executive,73726.48,4,82,38,110765.16
Manipal Main Campus,Kozhikode,Manager,50228.2,4,79,56,77575.81
IIIT Bangalore,Mumbai,Executive,71855.38,4,78,47,70932.64
IGDTUW,Bangalore,Executive,41598.28,3,65,27,60734.43
IIT Delhi,Bangalore,Executive,48082.02,4,67,24,65821.56
DTU,Asansol,Executive,52839.98,2,79,24,56856.12
Manipal Main Campus,Ajmer,Manager,50383.91,3,60,62,81772.88
SVNIT Surat,Delhi,Executive,45833.21,1,36,18,113420.3
IIT Kanpur,Chennai,Manager,74651.76,4,54,52,110206.46
IGDTUW,Rourkela,Executive,66666.74,1,71,61,58086.88
IIIT Bangalore,Bangalore,Executive,49649.35,1,62,52,67746.58
SVNIT Surat,Durgapur,Executive,40157.35,4,57,39,85805.61
IIT Bombay,Delhi,Executive,58938.4,1,55,33,94984.3
IIT Bombay,Rajpur Sonarpur,Executive,50795.14,1,40,44,107452.98
SVNIT Surat,Kolkata,Executive,58796.07,4,64,32,104222.6
IIT Delhi,Delhi,Manager,74515.44,3,73,37,86157.77
IIT Delhi,Ajmer,Manager,50536.56,1,83,38,95781.74
"KIIT, Bhubaneswar",Rajpur Sonarpur,Executive,61597.25,4,50,60,89814.17
NIT Calicut,Ajmer,Manager,61031.63,1,73,57,87466.21
IIT Bombay,Asansol,Manager,55105.14,1,76,18,86756.95
IGDTUW,Dehradun,Executive,48921.1,4,49,35,96211.4
IGDTUW,Hyderabad,Executive,49358.49,3,71,63,99129.2
SVNIT Surat,Rourkela,Executive,69294.07,3,77,55,70644.75
IIT Bombay,Ajmer,Executive,70637.78,3,78,37,73654.12
DTU,Rajpur Sonarpur,Manager,53606.37,1,50,46,98395.48
SVNIT Surat,Durgapur,Manager,67504.2,4,80,36,69453.33
SRM Main Campus,Mumbai,Manager,41990.68,1,43,36,104931.54
IIT Kharagpur,Dehradun,Executive,51443.43,1,75,62,106196.43
VIT Vellore,Mumbai,Executive,58858.59,1,75,38,81947.71
IIT Delhi,Hyderabad,Manager,44631.03,4,63,48,57170.36
SRM Main Campus,Asansol,Executive,56779.25,2,80,43,95266.69
NIT Bhopal,Kolkata,Manager,72246.89,1,79,54,87474.76
IIITM Gwalior,Mumbai,Executive,55214.81,1,46,22,63426.69
"KIIT, Bhubaneswar",Hyderabad,Executive,66189.51,4,48,38,73390.69
IIT Bombay,Ajmer,Manager,63926.97,4,52,40,112086.96
IIITM Gwalior,Durgapur,Executive,48813.89,4,64,62,89999.36
IIITM Gwalior,Hyderabad,Executive,52176.16,1,79,57,70092.46
IIT Kanpur,Hyderabad,Executive,53716.56,2,35,36,76068.77
"Ramaiah Institute of Technology, Bengaluru",Kozhikode,Executive,42289.1,2,77,22,118441.97
Manipal Main Campus,Durgapur,Executive,68778.77,3,45,56,72400.68
NIT Bhopal,Mumbai,Executive,60937.46,3,46,55,93556.02
VIT Vellore,Delhi,Executive,45553.61,2,35,51,81471.21
NIT Calicut,Mumbai,Manager,55907.17,4,83,50,84557.13
IGDTUW,Asansol,Executive,45382.73,3,83,20,108802.91
IIT Bombay,Rajpur Sonarpur,Manager,63852.14,4,71,36,62448.9
IGDTUW,Durgapur,Executive,67899.68,1,83,25,69881.72
"KIIT, Bhubaneswar",Ajmer,Manager,52410.62,3,39,50,119031.84
Manipal Main Campus,Kolkata,Executive,49049.77,1,38,20,66201.02
IIIT Delhi,Chennai,Executive,61620.49,3,84,34,57265.02
VIT Vellore,Mumbai,Executive,72405.72,4,77,44,81899.7
IIT Kanpur,Durgapur,Executive,64527.5,1,64,18,81249.86
IIT Bombay,Dehradun,Executive,41078.91,2,70,28,117443.38
"Ramaiah Institute of Technology, Bengaluru",Delhi,Executive,67703.35,2,51,51,56215.39
SVNIT Surat,Hyderabad,Executive,59611.49,2,39,32,119653.6
Manipal Main Campus,Delhi,Executive,47553.02,4,59,62,96284.18
"Ramaiah Institute of Technology, Bengaluru",Durgapur,Executive,42647.16,3,76,35,62068.8
VIT Vellore,Kolkata,Manager,42910.1,4,53,57,116928.08
IIT Delhi,Bangalore,Manager,69534.32,2,43,18,99817.88
TIET/Thapar University,Delhi,Executive,42436.97,4,44,26,64199.0
"KIIT, Bhubaneswar",Ajmer,Executive,63592.54,3,53,32,96345.47
IGDTUW,Kolkata,Executive,67588.17,3,74,25,103188.93
SRM Main Campus,Rajpur Sonarpur,Executive,61006.91,3,60,57,103662.43
"KIIT, Bhubaneswar",Rajpur Sonarpur,Executive,63598.21,4,82,42,118950.49
IIT Madras,Kolkata,Executive,48374.61,2,68,48,70196.05
SRM Main Campus,Rourkela,Executive,53707.09,1,50,45,76548.03
IIT Bombay,Ajmer,Manager,63431.12,1,42,20,65875.98
IIT Kanpur,Chennai,Executive,56386.6,3,76,26,91215.63
IIT Kharagpur,Hyderabad,Executive,48295.8,4,58,37,90658.06
DTU,Asansol,Executive,51719.76,3,35,39,81558.47
IIT Kanpur,Asansol,Executive,63245.36,3,45,28,108955.34
SRM Main Campus,Dehradun,Executive,50668.32,3,37,25,106464.27
IIITM Gwalior,Hyderabad,Executive,74288.14,2,84,41,107940.48
VIT Vellore,Asansol,Executive,69317.38,3,52,21,112519.83
IIT Delhi,Bangalore,Executive,73458.62,4,75,58,102636.58
IIIT Bangalore,Ajmer,Manager,66406.11,2,77,48,115249.47
IIT Kanpur,Rourkela,Executive,53584.51,3,54,51,107376.29
TIET/Thapar University,Dehradun,Executive,43371.08,3,36,60,95399.17
"IEM, Kolkata",Chennai,Executive,42016.25,1,67,48,115100.72
"IEM, Kolkata",Kolkata,Executive,69784.11,3,75,38,69525.57
IIT Bombay,Kolkata,Executive,72338.87,2,54,33,79751.91
Manipal Main Campus,Dehradun,Executive,53599.79,3,84,39,115778.84
VIT Vellore,Mumbai,Manager,43629.65,1,35,62,86307.8
IIT Delhi,Durgapur,Executive,50098.79,1,64,18,86373.79
IIITM Gwalior,Kozhikode,Executive,66135.6,1,45,30,113737.68
IIITM Gwalior,Kozhikode,Executive,46271.97,1,50,59,61680.06
"IEM, Kolkata",Hyderabad,Executive,63957.7,1,56,29,101284.23
IIT Madras,Rajpur Sonarpur,Executive,46441.95,2,74,27,103442.47
IIIT Bangalore,Rajpur Sonarpur,Executive,60429.18,2,61,25,98861.62
NIT Calicut,Hyderabad,Executive,44358.28,4,55,43,77528.63
"IEM, Kolkata",Asansol,Executive,48482.82,3,63,21,57259.87
IIITM Gwalior,Chennai,Executive,69933.16,3,61,46,108206.76
SRM Main Campus,Hyderabad,Executive,49474.29,1,75,25,72064.85
Manipal Main Campus,Mumbai,Executive,61840.7,2,78,39,111037.96
IIT Madras,Dehradun,Executive,57472.93,3,69,20,99499.62
IIT Madras,Delhi,Executive,73022.28,4,58,28,69990.42
SRM Main Campus,Bangalore,Executive,60574.33,4,54,38,101434.13
SRM Main Campus,Durgapur,Executive,62877.23,1,80,39,96946.41
IIT Kanpur,Dehradun,Executive,56067.54,3,52,46,98134.5
IIIT Bangalore,Durgapur,Manager,44741.79,2,72,45,61497.99
TIET/Thapar University,Chennai,Executive,55623.69,3,71,47,63659.06
IIITM Gwalior,Rajpur Sonarpur,Manager,68739.23,3,84,64,56640.0
NIT Bhopal,Chennai,Executive,43728.87,1,50,47,74526.53
TIET/Thapar University,Chennai,Executive,43340.95,4,76,36,64984.84
SRM Main Campus,Dehradun,Executive,63075.69,4,80,50,115580.41
IIT Bombay,Bangalore,Executive,50860.82,2,71,26,79247.85
"KIIT, Bhubaneswar",Ajmer,Executive,68979.28,2,59,18,70927.73
IIITM Gwalior,Kozhikode,Executive,57657.43,3,76,58,117371.54
IIITM Gwalior,Durgapur,Executive,65207.89,4,38,45,77333.46
IGDTUW,Rajpur Sonarpur,Executive,49900.23,3,36,49,110139.9
IIITM Gwalior,Rajpur Sonarpur,Executive,47630.82,1,51,64,82070.52
TIET/Thapar University,Bangalore,Executive,55726.51,2,38,58,64851.5
SRM Main Campus,Rourkela,Manager,46840.37,4,81,47,85172.52
IIITM Gwalior,Rajpur Sonarpur,Executive,67405.3,4,45,30,83981.87
SRM Main Campus,Kozhikode,Executive,42198.02,3,39,54,79952.46
IIIT Delhi,Kolkata,Executive,50437.17,3,58,59,110744.74
Manipal Main Campus,Kolkata,Executive,42715.87,3,66,55,89813.41
"IEM, Kolkata",Bangalore,Executive,45560.0,2,71,32,95173.86
IIIT Delhi,Durgapur,Manager,41348.55,1,71,39,79205.01
DTU,Delhi,Manager,65742.54,3,74,50,68077.28
"IEM, Kolkata",Bangalore,Executive,51716.62,1,63,62,86701.82
IGDTUW,Dehradun,Executive,42870.33,3,47,42,104967.15
VIT Vellore,Rourkela,Executive,45950.81,3,68,34,104219.1
NIT Bhopal,Kolkata,Executive,59680.89,4,74,42,94931.52
IIT Kanpur,Ajmer,Manager,69704.26,3,39,32,87675.77
"Ramaiah Institute of Technology, Bengaluru",Durgapur,Executive,68050.5,1,63,39,83441.87
DTU,Dehradun,Executive,57002.88,2,57,22,92788.58
IIIT Bangalore,Asansol,Executive,72634.48,1,64,49,102478.33
IIT Madras,Kolkata,Executive,59470.43,1,36,43,81670.68
IIT Kanpur,Rajpur Sonarpur,Manager,69542.78,2,72,19,77807.89
IIT Kharagpur,Kozhikode,Executive,53286.9,4,49,49,64002.2
NIT Calicut,Hyderabad,Executive,50687.99,1,44,38,91045.15
"Ramaiah Institute of Technology, Bengaluru",Hyderabad,Manager,74664.56,4,80,57,60361.47
IIT Bombay,Durgapur,Manager,62912.94,1,81,62,72710.08
IIITM Gwalior,Kozhikode,Executive,67889.86,4,84,61,98041.24
IIT Madras,Durgapur,Executive,61273.46,3,55,57,80524.87
IIIT Bangalore,Dehradun,Executive,66050.15,3,48,32,56889.26
NIT Bhopal,Rourkela,Executive,70854.2,3,39,18,103252.14
SRM Main Campus,Mumbai,Executive,51296.89,4,53,56,119855.67
IIIT Bangalore,Chennai,Executive,63773.25,1,48,45,82870.73
IIT Madras,Rajpur Sonarpur,Manager,60282.97,1,63,47,61305.36
IIIT Delhi,Kozhikode,Executive,62097.59,3,74,42,69237.26
"IEM, Kolkata",Dehradun,Executive,57013.66,2,43,38,107252.81
"IEM, Kolkata",Ajmer,Executive,53834.41,1,54,60,84799.81
IGDTUW,Kozhikode,Executive,55483.34,1,55,23,117710.94
IIT Bombay,Delhi,Executive,72853.91,4,53,34,93997.92
IIT Delhi,Ajmer,Executive,69787.91,3,41,28,84290.38
NIT Calicut,Rourkela,Manager,50768.6,2,74,29,102478.41
NIT Calicut,Ajmer,Executive,61426.86,1,66,40,111837.05
IIT Kanpur,Kozhikode,Executive,67961.46,2,83,46,92597.66
IIIT Delhi,Ajmer,Executive,72209.01,3,73,54,77852.41
IIITM Gwalior,Hyderabad,Manager,49988.0,3,81,27,106594.51
IGDTUW,Dehradun,Executive,70152.65,3,50,52,96960.04
"KIIT, Bhubaneswar",Delhi,Manager,43835.88,3,66,50,103406.67
IIT Kanpur,Bangalore,Manager,50510.66,1,53,49,98207.57
"Ramaiah Institute of Technology, Bengaluru",Delhi,Manager,63701.98,2,37,56,93252.42
"Ramaiah Institute of Technology, Bengaluru",Rourkela,Executive,46773.31,2,53,63,90188.6
DTU,Bangalore,Executive,55915.48,1,69,62,87791.51
IIT Madras,Hyderabad,Executive,67084.88,1,44,41,89548.27
IIT Madras,Kolkata,Manager,58145.06,4,80,36,118288.72
"KIIT, Bhubaneswar",Bangalore,Manager,58218.77,2,81,30,97280.44
DTU,Ajmer,Executive,72411.48,1,77,47,73891.5
IIIT Bangalore,Rajpur Sonarpur,Executive,47362.38,4,36,27,55172.89
TIET/Thapar University,Hyderabad,Manager,49362.48,2,72,24,84982.78
IIT Madras,Hyderabad,Executive,71814.57,4,47,44,110514.65
SVNIT Surat,Delhi,Executive,44950.71,2,45,44,58803.05
SRM Main Campus,Kozhikode,Executive,40876.43,4,42,63,105346.45
NIT Calicut,Ajmer,Executive,57904.51,2,53,55,100093.76
SVNIT Surat,Kozhikode,Executive,62103.53,4,80,29,75447.25
"KIIT, Bhubaneswar",Ajmer,Executive,68263.74,2,78,59,118313.11
NIT Calicut,Asansol,Manager,48005.26,2,64,61,118266.31
"Ramaiah Institute of Technology, Bengaluru",Bangalore,Manager,55476.75,3,76,41,109366.6
SVNIT Surat,Mumbai,Executive,55883.91,1,67,28,71997.82
SRM Main Campus,Rajpur Sonarpur,Executive,63836.35,4,68,43,89118.29
VIT Vellore,Ajmer,Executive,54026.12,2,45,63,86623.1
VIT Vellore,Kozhikode,Executive,57981.23,1,81,43,68671.92
IIT Kharagpur,Kozhikode,Executive,74492.09,4,41,49,75826.54
NIT Bhopal,Asansol,Manager,66869.42,3,36,30,117447.01
IIT Madras,Rourkela,Manager,46986.83,1,80,60,67027.21
IIIT Bangalore,Delhi,Executive,73001.51,1,49,46,55267.97
IIT Bombay,Rajpur Sonarpur,Manager,42032.42,3,80,59,100588.56
"Ramaiah Institute of Technology, Bengaluru",Bangalore,Executive,49496.25,1,49,28,97804.74
IIT Madras,Durgapur,Executive,55905.56,3,73,22,99710.49
TIET/Thapar University,Rajpur Sonarpur,Executive,62337.77,3,36,35,82286.49
"KIIT, Bhubaneswar",Hyderabad,Executive,47558.27,2,44,20,93066.7
IIT Madras,Kolkata,Executive,49057.4,1,80,35,57103.06
IIITM Gwalior,Chennai,Executive,51320.6,1,72,40,99314.43
IIITM Gwalior,Durgapur,Executive,45362.1,3,61,64,62490.74
"IEM, Kolkata",Delhi,Executive,44932.51,1,55,47,60738.26
Manipal Main Campus,Kolkata,Executive,56160.41,4,73,50,65169.45
SRM Main Campus,Ajmer,Executive,72933.86,3,55,23,106912.25
Manipal Main Campus,Mumbai,Executive,58771.75,2,57,38,63642.07
IIT Bombay,Chennai,Executive,58087.59,2,58,42,56246.97
TIET/Thapar University,Rajpur Sonarpur,Executive,71145.51,2,54,45,84172.49
IIT Kharagpur,Rajpur Sonarpur,Manager,58436.4,1,79,51,61485.27
IIT Madras,Kolkata,Executive,49087.0,2,68,35,84896.69
Manipal Main Campus,Kolkata,Executive,72001.92,2,53,23,103852.46
IIT Kanpur,Rajpur Sonarpur,Manager,56296.19,4,49,21,91382.97
IIT Kanpur,Chennai,Executive,46059.2,4,40,35,116936.94
NIT Calicut,Rourkela,Manager,51181.59,3,52,23,107099.83
DTU,Asansol,Executive,71429.22,4,81,19,119838.61
TIET/Thapar University,Rajpur Sonarpur,Executive,45706.93,2,82,39,104417.09
VIT Vellore,Bangalore,Manager,61735.17,4,81,60,100471.9
NIT Bhopal,Rajpur Sonarpur,Executive,46123.98,3,35,62,110158.36
"IEM, Kolkata",Bangalore,Executive,73322.04,4,44,46,87936.77
IIITM Gwalior,Ajmer,Executive,60004.31,2,56,22,71446.48
IIT Bombay,Asansol,Executive,49168.75,2,48,41,55366.22
Manipal Main Campus,Delhi,Manager,63271.94,2,83,52,100172.27
SVNIT Surat,Hyderabad,Executive,46324.79,1,85,42,101482.31
IIITM Gwalior,Asansol,Executive,43115.2,3,35,63,81970.93
IIT Bombay,Kolkata,Manager,41191.16,2,63,40,110453.43
IIT Madras,Dehradun,Executive,71792.58,2,48,42,85085.11
IIT Bombay,Asansol,Executive,57041.1,1,52,19,111989.33
NIT Bhopal,Ajmer,Executive,60156.56,1,37,35,59139.85
IIT Kanpur,Dehradun,Executive,47722.11,4,80,49,58512.59
IIT Madras,Hyderabad,Executive,45137.51,1,55,54,101609.87
VIT Vellore,Durgapur,Executive,51774.01,1,46,63,113289.55
IIIT Bangalore,Chennai,Executive,48817.65,4,45,22,105293.11
"IEM, Kolkata",Asansol,Executive,54323.94,2,44,50,62767.65
"Ramaiah Institute of Technology, Bengaluru",Hyderabad,Executive,57053.75,4,85,64,95464.85
IIT Delhi,Mumbai,Executive,64263.17,3,76,26,106832.32
IIT Delhi,Kozhikode,Manager,52100.53,1,70,31,83347.47
IIIT Delhi,Dehradun,Executive,68877.95,1,78,49,95171.84
"Ramaiah Institute of Technology, Bengaluru",Rajpur Sonarpur,Executive,70442.37,4,62,37,60096.15
Manipal Main Campus,Rourkela,Manager,69688.25,2,74,45,89103.92
IGDTUW,Durgapur,Executive,43388.11,3,51,53,59904.07
DTU,Rajpur Sonarpur,Executive,56232.72,3,63,32,104705.58
IIIT Bangalore,Hyderabad,Executive,41350.18,1,40,27,111248.81
SVNIT Surat,Ajmer,Manager,54906.23,3,63,53,58245.52
IIITM Gwalior,Asansol,Executive,73750.89,4,70,19,95712.66
IIIT Delhi,Asansol,Executive,48048.12,3,45,61,71408.7
Manipal Main Campus,Asansol,Executive,69659.48,1,55,32,66179.64
DTU,Asansol,Executive,62866.69,2,57,22,78152.87
TIET/Thapar University,Delhi,Executive,67194.23,2,55,27,115328.52
IIT Bombay,Delhi,Executive,50612.62,1,60,29,96298.27
"IEM, Kolkata",Ajmer,Manager,50263.92,3,38,33,98569.5
IIIT Bangalore,Ajmer,Manager,49706.79,1,51,55,96884.54
"KIIT, Bhubaneswar",Chennai,Executive,54258.24,4,70,44,69160.84
IIT Delhi,Hyderabad,Manager,42201.17,2,47,28,76334.8
"Ramaiah Institute of Technology, Bengaluru",Asansol,Executive,58719.34,2,53,42,61085.14
IIIT Delhi,Rourkela,Manager,71786.79,3,40,63,97948.4
NIT Bhopal,Hyderabad,Manager,63017.63,1,36,29,100303.96
"IEM, Kolkata",Asansol,Executive,74579.1,2,69,25,111076.63
"IEM, Kolkata",Dehradun,Executive,58373.14,3,57,22,88237.1
TIET/Thapar University,Rajpur Sonarpur,Executive,52536.23,1,74,23,85611.25
IIT Madras,Asansol,Executive,67846.8,2,47,53,112630.43
NIT Bhopal,Rajpur Sonarpur,Executive,54216.32,4,58,23,117654.21
IIT Kharagpur,Delhi,Executive,56188.7,4,55,48,69741.71
IIT Kharagpur,Durgapur,Executive,41868.02,4,80,48,69620.81
Manipal Main Campus,Delhi,Executive,66966.77,2,68,39,112515.36
VIT Vellore,Hyderabad,Executive,66971.35,4,42,19,95436.18
"Ramaiah Institute of Technology, Bengaluru",Hyderabad,Executive,52310.13,3,75,62,108835.86
IIT Kharagpur,Rourkela,Executive,63507.43,3,81,53,56410.78
IIT Bombay,Asansol,Executive,74709.34,3,47,61,118351.17
IIT Delhi,Kolkata,Manager,57029.25,1,42,35,96122.76
"IEM, Kolkata",Bangalore,Executive,41041.05,2,59,32,116612.23
NIT Bhopal,Mumbai,Manager,68903.22,4,68,31,80899.25
Manipal Main Campus,Kozhikode,Executive,55697.91,4,41,40,109433.31
SVNIT Surat,Kolkata,Executive,41787.85,3,85,48,76746.19
IIT Kanpur,Delhi,Executive,50402.75,3,56,59,117979.99
IIITM Gwalior,Chennai,Executive,46541.5,2,41,35,74400.31
VIT Vellore,Rajpur Sonarpur,Executive,54090.06,1,79,32,96013.31
SVNIT Surat,Bangalore,Manager,52843.64,4,85,52,93347.4
DTU,Delhi,Executive,45653.98,1,77,45,99700.92
SVNIT Surat,Asansol,Manager,54432.51,1,75,49,89782.73
VIT Vellore,Hyderabad,Executive,54377.85,3,55,19,96009.99
IIT Bombay,Rourkela,Executive,42951.16,3,65,55,108683.15
IIT Bombay,Durgapur,Executive,62309.44,3,64,64,109357.35
SVNIT Surat,Ajmer,Manager,58816.33,4,68,48,63151.88
NIT Bhopal,Mumbai,Executive,55970.76,2,58,20,81553.71
DTU,Ajmer,Executive,55687.98,4,46,60,94134.3
NIT Calicut,Dehradun,Executive,62803.93,2,61,40,115058.32
TIET/Thapar University,Asansol,Executive,56343.43,3,46,28,99927.04
IIT Bombay,Durgapur,Manager,53828.28,2,66,60,70833.31
"Ramaiah Institute of Technology, Bengaluru",Delhi,Executive,53725.74,1,83,48,108579.98
IIT Delhi,Ajmer,Executive,67404.87,4,50,30,73096.27
IIT Kharagpur,Dehradun,Executive,69871.33,2,49,39,74854.77
TIET/Thapar University,Rajpur Sonarpur,Executive,49535.11,2,62,48,93236.96
"Ramaiah Institute of Technology, Bengaluru",Delhi,Executive,63039.51,1,64,38,98081.29
SVNIT Surat,Hyderabad,Manager,44601.73,1,66,26,118959.18
"Ramaiah Institute of Technology, Bengaluru",Asansol,Executive,70989.86,1,44,46,84393.65
Manipal Main Campus,Kolkata,Executive,53534.25,3,70,57,66136.36
IIIT Bangalore,Ajmer,Executive,50012.0,2,62,23,113737.72
NIT Bhopal,Delhi,Manager,50576.21,3,77,32,74135.87
IIT Kharagpur,Rourkela,Manager,44528.0,2,51,47,93869.43
SVNIT Surat,Chennai,Executive,52723.19,4,58,62,73124.22
TIET/Thapar University,Asansol,Executive,74141.13,1,84,37,112584.83
Manipal Main Campus,Ajmer,Executive,41088.76,3,57,20,114657.63
IIITM Gwalior,Hyderabad,Executive,49412.55,1,80,26,67792.78
"KIIT, Bhubaneswar",Kolkata,Manager,42827.79,1,66,44,89225.89
IGDTUW,Chennai,Manager,57975.56,3,53,27,86585.04
IIITM Gwalior,Rourkela,Manager,53444.83,1,78,29,102169.29
IIT Delhi,Ajmer,Executive,64225.96,1,70,47,79185.75
Manipal Main Campus,Delhi,Executive,40993.76,2,70,47,55089.09
IIT Delhi,Chennai,Executive,52940.23,3,52,38,117707.66
IGDTUW,Chennai,Executive,42051.54,3,75,59,91316.2
SRM Main Campus,Delhi,Executive,41174.4,1,80,33,73005.52
IIIT Delhi,Mumbai,Executive,67205.91,1,51,38,89703.5
IIT Kharagpur,Rajpur Sonarpur,Executive,44161.51,2,82,34,61957.01
IIIT Delhi,Kolkata,Manager,52091.67,4,79,41,114537.85
IIT Delhi,Delhi,Executive,43315.05,2,79,29,90458.15
IIITM Gwalior,Dehradun,Executive,72034.96,2,42,20,102069.59
TIET/Thapar University,Kolkata,Executive,55015.57,4,40,48,116365.61
IIIT Delhi,Kolkata,Executive,48331.19,1,85,29,60189.3
"IEM, Kolkata",Durgapur,Executive,58924.53,4,83,25,63280.76
TIET/Thapar University,Chennai,Executive,69266.33,3,50,61,115051.22
IGDTUW,Ajmer,Executive,64034.53,4,56,30,86513.04
"Ramaiah Institute of Technology, Bengaluru",Hyderabad,Executive,55525.49,2,65,38,72586.24
TIET/Thapar University,Durgapur,Executive,42646.95,3,78,32,70260.38
"Ramaiah Institute of Technology, Bengaluru",Ajmer,Executive,71533.91,1,46,59,74107.93
IIIT Bangalore,Kolkata,Executive,41273.44,1,68,43,59100.9
IIT Kanpur,Ajmer,Manager,74359.76,1,38,45,91279.31
NIT Bhopal,Kolkata,Executive,58160.22,4,73,60,89295.18
DTU,Mumbai,Executive,42362.05,2,76,58,90577.71
IIT Delhi,Mumbai,Manager,41219.79,2,70,42,88162.69
SRM Main Campus,Hyderabad,Executive,72322.67,2,85,30,90293.63
IIT Kanpur,Rajpur Sonarpur,Executive,58368.11,4,38,24,56611.98
"KIIT, Bhubaneswar",Delhi,Executive,71389.06,1,55,29,73048.51
IIT Kharagpur,Durgapur,Manager,62523.22,2,45,24,112258.44
NIT Calicut,Hyderabad,Manager,62087.02,3,85,19,71871.3
SRM Main Campus,Kozhikode,Manager,58486.77,4,67,61,103150.71
SVNIT Surat,Dehradun,Executive,67793.87,3,37,31,71227.16
IIT Kharagpur,Durgapur,Executive,41758.25,3,45,47,57988.36
NIT Bhopal,Ajmer,Executive,52351.38,2,52,53,109049.93
Manipal Main Campus,Hyderabad,Executive,71300.34,3,83,42,85950.74
IIITM Gwalior,Rajpur Sonarpur,Manager,58788.57,3,53,36,62954.32
IIT Kanpur,Ajmer,Executive,52947.48,3,51,53,78784.42
IIITM Gwalior,Bangalore,Executive,67868.09,4,81,58,91986.26
"Ramaiah Institute of Technology, Bengaluru",Bangalore,Manager,74601.07,2,56,50,113661.61
IIITM Gwalior,Hyderabad,Executive,69280.58,1,56,61,108203.72
IIT Kanpur,Durgapur,Executive,64942.9,2,68,59,102583.09
NIT Calicut,Delhi,Executive,72048.52,4,76,42,76820.08
IIT Delhi,Delhi,Executive,47852.12,1,63,38,117324.4
TIET/Thapar University,Rourkela,Executive,49427.85,4,50,51,79440.23
IIIT Bangalore,Bangalore,Executive,40940.79,2,69,27,77083.72
IIIT Delhi,Kolkata,Executive,44573.28,4,61,47,91998.91
IIIT Delhi,Chennai,Executive,40278.89,3,76,30,72493.87
VIT Vellore,Delhi,Executive,55548.99,3,50,21,104466.47
Manipal Main Campus,Asansol,Executive,67801.75,4,47,44,110984.17
IIIT Delhi,Bangalore,Executive,71000.82,4,60,42,90038.25
VIT Vellore,Hyderabad,Executive,60605.67,3,77,30,109721.38
IIIT Delhi,Hyderabad,Executive,71914.85,2,52,31,60120.09
TIET/Thapar University,Dehradun,Executive,70714.15,3,76,25,88582.8
TIET/Thapar University,Chennai,Executive,56188.82,2,41,33,86040.17
NIT Bhopal,Bangalore,Executive,67674.77,4,49,32,97263.83
DTU,Kozhikode,Executive,72261.04,4,73,22,106679.33
DTU,Hyderabad,Manager,63069.52,1,78,35,116067.78
"KIIT, Bhubaneswar",Rourkela,Executive,60892.16,2,44,51,105808.58
VIT Vellore,Ajmer,Executive,52704.14,1,61,22,79823.87
IIT Delhi,Delhi,Executive,44536.41,1,62,40,90633.5
DTU,Ajmer,Executive,51671.24,2,85,50,88009.85
IIIT Delhi,Dehradun,Executive,67248.78,3,79,51,74340.75
IIT Bombay,Rajpur Sonarpur,Executive,52642.5,1,60,47,114732.19
VIT Vellore,Mumbai,Executive,64995.95,2,36,62,78514.09
"Ramaiah Institute of Technology, Bengaluru",Kolkata,Executive,50802.23,2,57,24,109639.64
IIT Bombay,Kolkata,Executive,51671.26,2,83,32,81977.9
"IEM, Kolkata",Asansol,Executive,55728.14,3,37,50,87194.61
NIT Calicut,Rajpur Sonarpur,Executive,66217.35,1,55,63,102281.36
"Ramaiah Institute of Technology, Bengaluru",Kolkata,Executive,41526.22,3,59,36,88784.32
DTU,Mumbai,Executive,73358.42,2,63,24,110376.98
NIT Calicut,Ajmer,Manager,44406.39,4,74,42,90754.0
TIET/Thapar University,Asansol,Executive,47889.29,3,63,38,97876.55
IIT Kanpur,Bangalore,Manager,73019.47,4,77,38,87322.42
NIT Calicut,Mumbai,Executive,64267.73,2,55,29,106349.72
"IEM, Kolkata",Chennai,Executive,53806.67,4,53,28,59044.84
IIT Kharagpur,Ajmer,Executive,64939.13,3,76,28,72065.24
Manipal Main Campus,Bangalore,Executive,59288.32,1,64,46,111985.43
IIT Bombay,Dehradun,Executive,73540.78,3,44,59,55090.57
SVNIT Surat,Bangalore,Executive,40061.24,3,76,18,65628.68
"IEM, Kolkata",Chennai,Executive,48242.09,4,62,36,118532.64
DTU,Durgapur,Executive,73344.19,3,59,28,92863.29
IIT Kanpur,Bangalore,Executive,46905.07,1,49,20,106368.54
IIT Kharagpur,Mumbai,Executive,68444.26,4,45,27,116928.02
SRM Main Campus,Rajpur Sonarpur,Manager,61122.01,3,77,27,103947.99
TIET/Thapar University,Bangalore,Executive,72959.52,1,38,27,72577.83
VIT Vellore,Kozhikode,Manager,47663.62,2,42,42,59058.19
Manipal Main Campus,Hyderabad,Executive,51121.59,4,36,46,60959.59
IIT Delhi,Durgapur,Executive,52147.08,3,81,25,71466.18
NIT Bhopal,Ajmer,Executive,45332.21,1,58,63,117627.13
VIT Vellore,Chennai,Manager,55857.15,1,44,21,94667.4
IIT Madras,Ajmer,Executive,53113.85,4,73,60,63656.39
IIT Kanpur,Dehradun,Executive,47494.7,1,44,53,105492.68
NIT Bhopal,Kozhikode,Executive,48269.92,3,55,31,55300.16
IIITM Gwalior,Kozhikode,Executive,71608.45,4,76,24,85191.83
SRM Main Campus,Hyderabad,Executive,65018.07,2,61,37,83721.91
IGDTUW,Rourkela,Manager,42680.99,2,69,20,55839.95
SVNIT Surat,Asansol,Executive,49024.29,4,60,52,104825.76
IIT Kharagpur,Asansol,Manager,54361.61,4,44,57,82846.34
IGDTUW,Kolkata,Executive,54603.14,4,84,26,93835.86
SVNIT Surat,Kozhikode,Executive,54581.52,4,44,41,91037.42
DTU,Ajmer,Manager,40904.04,3,75,33,106973.99
"Ramaiah Institute of Technology, Bengaluru",Dehradun,Executive,67785.14,1,43,32,74665.94
IIIT Bangalore,Durgapur,Executive,59776.25,2,73,42,111370.54
NIT Bhopal,Asansol,Manager,47704.33,4,82,43,72837.91
"Ramaiah Institute of Technology, Bengaluru",Mumbai,Executive,41012.95,1,61,60,55395.15
"Ramaiah Institute of Technology, Bengaluru",Rajpur Sonarpur,Manager,62999.41,3,79,34,97442.66
IGDTUW,Bangalore,Executive,70394.38,1,66,24,92207.09
IGDTUW,Rourkela,Executive,74422.05,4,75,34,97493.32
"Ramaiah Institute of Technology, Bengaluru",Asansol,Executive,51950.39,3,57,28,117362.46
"Ramaiah Institute of Technology, Bengaluru",Kozhikode,Executive,66390.27,3,61,54,92098.23
"IEM, Kolkata",Delhi,Executive,44142.6,3,37,45,94474.45
SRM Main Campus,Asansol,Manager,47667.05,3,60,34,97516.5
"Ramaiah Institute of Technology, Bengaluru",Chennai,Executive,70726.18,4,60,41,87954.85
IIIT Delhi,Hyderabad,Manager,49857.7,4,42,61,89599.4
SVNIT Surat,Bangalore,Manager,49437.13,4,66,58,93560.41
IIT Bombay,Chennai,Executive,50776.13,4,60,57,74965.03
IIT Bombay,Chennai,Executive,56305.05,1,49,21,104926.65
IIIT Delhi,Rourkela,Executive,57775.75,4,41,31,113192.97
IIT Kanpur,Durgapur,Executive,45648.81,2,64,55,83574.2
SRM Main Campus,Dehradun,Executive,50828.09,1,61,60,56706.8
"KIIT, Bhubaneswar",Rourkela,Manager,42484.56,1,54,31,96352.23
IIT Kharagpur,Dehradun,Executive,53796.45,1,46,35,78665.04
IIT Kanpur,Rourkela,Executive,47235.45,1,71,33,60481.64
IIITM Gwalior,Durgapur,Manager,74982.77,3,82,18,58171.86
IIT Kharagpur,Hyderabad,Manager,69023.77,4,66,25,87185.6
"Ramaiah Institute of Technology, Bengaluru",Durgapur,Executive,62147.82,2,36,61,105612.09
SVNIT Surat,Dehradun,Executive,70724.84,3,43,25,73811.64
IIT Bombay,Kolkata,Executive,46146.81,2,59,34,98200.93
IIIT Bangalore,Ajmer,Executive,73538.33,1,52,38,112920.88
"KIIT, Bhubaneswar",Durgapur,Executive,52945.87,2,73,33,79007.51
NIT Bhopal,Chennai,Executive,49946.88,1,37,38,63993.54
TIET/Thapar University,Durgapur,Executive,44689.55,3,83,44,93064.24
SRM Main Campus,Dehradun,Executive,48025.6,3,47,51,58328.33
"KIIT, Bhubaneswar",Kozhikode,Executive,49160.57,2,63,22,81432.93
IGDTUW,Bangalore,Executive,65128.28,2,70,53,64637.86
"Ramaiah Institute of Technology, Bengaluru",Rajpur Sonarpur,Executive,60989.83,2,44,21,109950.67
IIT Bombay,Asansol,Executive,65880.73,4,64,40,82453.98
IIT Kharagpur,Bangalore,Executive,58416.89,4,52,63,81602.17
TIET/Thapar University,Rourkela,Executive,61369.69,1,83,31,80736.6
IIIT Bangalore,Chennai,Manager,52826.27,1,40,48,73415.15
DTU,Dehradun,Executive,52200.43,2,70,63,77963.73
IGDTUW,Kozhikode,Manager,56191.74,1,48,63,92653.51
IIITM Gwalior,Rourkela,Executive,67313.29,4,70,46,59467.78
IIT Madras,Delhi,Executive,63600.14,1,74,61,67216.18
SRM Main Campus,Dehradun,Executive,43692.77,3,36,39,106469.24
"IEM, Kolkata",Chennai,Executive,43681.74,1,62,56,65293.92
TIET/Thapar University,Bangalore,Executive,56806.28,1,85,27,91276.91
IGDTUW,Hyderabad,Manager,47457.73,3,40,62,104865.89
TIET/Thapar University,Dehradun,Executive,72363.99,3,46,24,99879.81
"Ramaiah Institute of Technology, Bengaluru",Mumbai,Executive,63942.31,1,41,27,110653.88
IIIT Delhi,Ajmer,Executive,50487.05,3,85,60,83923.24
SVNIT Surat,Rajpur Sonarpur,Executive,42924.02,4,54,40,102743.25
"KIIT, Bhubaneswar",Asansol,Executive,48030.39,4,45,31,87191.45
DTU,Bangalore,Executive,71009.53,1,41,43,76162.47
IGDTUW,Mumbai,Executive,72506.05,3,65,36,63026.04
SVNIT Surat,Mumbai,Executive,67063.58,4,63,32,111513.2
"IEM, Kolkata",Delhi,Executive,46392.94,4,57,47,98296.32
TIET/Thapar University,Asansol,Executive,66250.99,3,82,32,73330.75
"IEM, Kolkata",Durgapur,Executive,66887.32,3,75,62,108856.8
Manipal Main Campus,Bangalore,Executive,65161.95,2,39,34,57598.47
IIT Bombay,Delhi,Executive,61228.38,3,51,23,72103.37
SRM Main Campus,Kozhikode,Manager,67270.79,4,37,62,78370.26
TIET/Thapar University,Mumbai,Executive,50414.54,2,44,27,69099.8
DTU,Dehradun,Executive,56117.56,4,73,53,85604.03
"IEM, Kolkata",Asansol,Executive,60587.37,3,75,41,95880.65
IIT Kharagpur,Ajmer,Executive,46920.01,4,38,60,81979.73
TIET/Thapar University,Mumbai,Executive,50362.11,3,52,28,64050.35
SRM Main Campus,Rajpur Sonarpur,Executive,43329.84,2,46,38,60918.3
DTU,Hyderabad,Executive,48055.73,2,59,53,103717.25
"Ramaiah Institute of Technology, Bengaluru",Ajmer,Executive,49218.95,1,65,22,110667.35
NIT Bhopal,Delhi,Manager,71594.83,3,59,51,87031.44
"Ramaiah Institute of Technology, Bengaluru",Rourkela,Executive,50845.95,3,50,49,86730.41
DTU,Hyderabad,Executive,46601.29,2,53,33,104056.92
DTU,Ajmer,Manager,69863.73,2,63,49,106897.4
NIT Bhopal,Dehradun,Executive,59822.16,1,85,59,95957.87
"KIIT, Bhubaneswar",Bangalore,Executive,57341.47,2,49,23,80484.34
IIITM Gwalior,Rourkela,Manager,41068.77,1,35,63,99196.38
IIT Delhi,Durgapur,Manager,42344.02,4,54,33,81282.59
IIT Kharagpur,Chennai,Executive,49980.15,2,44,18,108857.17
IIIT Bangalore,Chennai,Executive,44405.6,4,80,37,59536.97
VIT Vellore,Dehradun,Manager,64814.89,1,72,63,62284.08
IIT Kharagpur,Asansol,Executive,49811.5,2,53,44,118766.11
IIT Kanpur,Mumbai,Manager,64631.36,2,38,23,87789.35
IGDTUW,Delhi,Manager,56471.92,3,70,61,114153.12
VIT Vellore,Delhi,Executive,49780.37,2,53,36,61012.13
SRM Main Campus,Ajmer,Manager,43510.23,2,59,37,90902.52
VIT Vellore,Ajmer,Executive,42631.32,1,63,57,114079.66
SVNIT Surat,Rajpur Sonarpur,Executive,71162.92,3,75,34,83487.24
IIITM Gwalior,Dehradun,Manager,40647.79,1,62,22,98865.73
IIT Kanpur,Bangalore,Executive,70874.26,3,63,29,68235.0
IIT Delhi,Dehradun,Executive,70506.79,4,69,23,118932.27
SVNIT Surat,Bangalore,Executive,66860.82,2,42,61,73552.1
NIT Bhopal,Rajpur Sonarpur,Executive,65552.54,2,56,50,91662.7
IIT Delhi,Delhi,Executive,62886.32,1,84,56,99541.28
"KIIT, Bhubaneswar",Durgapur,Executive,71716.39,3,78,34,98340.59
DTU,Hyderabad,Executive,46107.65,1,78,59,109849.96
IIT Kharagpur,Chennai,Executive,61751.21,1,48,26,92855.38
IIIT Delhi,Bangalore,Executive,42532.22,4,35,42,99916.36
IGDTUW,Rourkela,Executive,62231.33,4,62,38,60640.17
IIIT Bangalore,Rourkela,Executive,45088.3,3,65,60,115475.98
Manipal Main Campus,Asansol,Manager,70807.75,1,38,18,98461.24
IIT Madras,Bangalore,Executive,64654.89,2,81,22,104277.54
Manipal Main Campus,Hyderabad,Executive,46033.31,2,55,27,67745.99
IIT Madras,Ajmer,Executive,67160.94,3,38,57,88109.86
NIT Bhopal,Dehradun,Executive,74331.49,1,49,31,65294.18
IIT Delhi,Asansol,Executive,46560.4,1,52,25,103672.1
NIT Bhopal,Delhi,Executive,56261.06,2,37,34,103701.46
IIIT Bangalore,Delhi,Executive,49530.01,2,69,42,104307.1
"KIIT, Bhubaneswar",Dehradun,Executive,53249.96,1,55,22,60995.56
"Ramaiah Institute of Technology, Bengaluru",Ajmer,Executive,54819.53,3,67,26,110286.3
SRM Main Campus,Dehradun,Executive,57551.42,3,71,43,69527.16
IIT Delhi,Kolkata,Executive,64490.15,3,75,63,75276.11
IIT Kanpur,Durgapur,Executive,40311.19,2,44,31,85728.99
IIT Bombay,Mumbai,Executive,54817.55,3,50,62,118759.57
IIT Delhi,Kozhikode,Executive,69170.18,2,35,62,101762.31
NIT Bhopal,Chennai,Executive,54983.67,3,59,32,78162.2
IIT Madras,Kozhikode,Executive,56788.63,4,63,33,99067.94
IIIT Bangalore,Durgapur,Executive,71736.12,3,46,23,76600.27
IIT Kharagpur,Dehradun,Executive,65049.99,1,60,45,90255.49
NIT Bhopal,Chennai,Executive,68350.08,2,69,37,95903.63
IIT Madras,Dehradun,Executive,73809.21,1,50,48,75104.07
IIT Delhi,Ajmer,Executive,46101.75,1,47,51,97704.15
SVNIT Surat,Kolkata,Executive,47509.57,4,78,20,110361.94
IIT Kanpur,Hyderabad,Executive,62182.01,2,83,38,103204.97
NIT Bhopal,Hyderabad,Executive,65623.08,4,64,58,98176.57
IIIT Bangalore,Hyderabad,Executive,55736.06,2,62,54,113228.7
IGDTUW,Rajpur Sonarpur,Executive,63944.77,1,55,50,71839.76
SVNIT Surat,Rajpur Sonarpur,Executive,46920.49,1,48,55,116654.27
VIT Vellore,Kozhikode,Manager,63417.89,4,58,31,94939.69
SVNIT Surat,Chennai,Executive,61133.62,4,36,47,88946.25
IIITM Gwalior,Rajpur Sonarpur,Executive,46129.11,2,51,47,89848.24
IIT Kharagpur,Durgapur,Executive,62004.6,1,57,32,89504.2
IIIT Bangalore,Chennai,Executive,65021.3,3,77,29,98256.64
TIET/Thapar University,Delhi,Executive,69235.69,1,42,52,86318.21
"IEM, Kolkata",Mumbai,Manager,71005.96,1,47,19,109687.02
NIT Calicut,Delhi,Executive,56301.55,3,85,21,83985.79
IIIT Delhi,Hyderabad,Executive,52716.67,2,64,52,86947.6
SRM Main Campus,Asansol,Executive,64436.46,1,72,45,103177.08
SVNIT Surat,Bangalore,Executive,70279.56,3,77,50,70140.1
IIT Madras,Ajmer,Executive,54081.78,4,81,27,103096.59
TIET/Thapar University,Durgapur,Manager,73978.48,3,79,19,61969.17
NIT Calicut,Kolkata,Executive,59207.94,1,71,42,103174.81
"IEM, Kolkata",Dehradun,Executive,72039.76,4,60,44,108539.89
IGDTUW,Kozhikode,Executive,63207.95,4,48,42,63418.35
IIIT Bangalore,Mumbai,Executive,51331.32,3,40,48,93205.25
SVNIT Surat,Rourkela,Manager,69843.82,2,50,32,109736.7
IIT Madras,Durgapur,Manager,40949.22,1,51,62,55134.69
IIITM Gwalior,Chennai,Executive,50163.21,2,44,43,59085.18
IIITM Gwalior,Delhi,Executive,47173.17,4,45,57,59060.89
IIIT Delhi,Delhi,Executive,42964.32,3,60,43,114644.07
DTU,Rajpur Sonarpur,Executive,43868.14,1,58,49,105809.59
IIITM Gwalior,Rajpur Sonarpur,Executive,50878.43,2,60,38,55858.41
IGDTUW,Kolkata,Executive,67634.16,2,61,21,68903.11
"Ramaiah Institute of Technology, Bengaluru",Durgapur,Manager,40990.38,1,37,63,60911.5
IGDTUW,Chennai,Executive,41268.8,1,76,21,115585.21
NIT Calicut,Ajmer,Executive,57334.6,2,59,22,92301.34
IIT Kharagpur,Asansol,Executive,65824.2,1,69,40,58677.15
IIT Kharagpur,Delhi,Executive,59528.96,2,83,54,84724.23
SRM Main Campus,Durgapur,Executive,57993.48,4,64,25,111408.57
IIT Madras,Dehradun,Executive,45988.54,2,49,57,82052.97
NIT Calicut,Kozhikode,Manager,63883.8,3,76,27,110152.31
NIT Bhopal,Chennai,Executive,65821.94,1,81,37,112890.0
"IEM, Kolkata",Kozhikode,Manager,66358.6,4,71,40,66990.56
VIT Vellore,Durgapur,Executive,69053.73,4,50,63,90735.52
IIIT Bangalore,Rajpur Sonarpur,Manager,57871.95,4,72,61,81006.7
IIT Kanpur,Mumbai,Executive,57067.69,4,51,21,79526.56
IIT Bombay,Bangalore,Manager,60864.4,3,46,41,64643.5
SVNIT Surat,Rourkela,Executive,53060.04,1,78,31,64739.14
TIET/Thapar University,Hyderabad,Executive,44383.7,1,63,24,117820.05
"IEM, Kolkata",Durgapur,Executive,48562.14,3,67,59,110015.75
"IEM, Kolkata",Delhi,Manager,69951.87,4,35,23,75907.7
SRM Main Campus,Durgapur,Executive,72331.51,1,44,29,72152.51
IGDTUW,Rourkela,Executive,72332.87,3,71,48,88063.21
SVNIT Surat,Delhi,Executive,65171.8,1,38,22,112545.79
IIT Kharagpur,Durgapur,Executive,47893.78,4,46,35,97419.78
"Ramaiah Institute of Technology, Bengaluru",Chennai,Executive,50820.16,2,66,25,109917.31
IGDTUW,Ajmer,Executive,69627.04,4,73,51,85716.83
"KIIT, Bhubaneswar",Kolkata,Executive,47542.61,4,82,44,56379.09
DTU,Ajmer,Executive,50946.43,2,43,37,94275.54
SRM Main Campus,Chennai,Executive,42316.1,1,52,32,63242.67
NIT Calicut,Asansol,Manager,63108.36,1,38,53,114567.25
"Ramaiah Institute of Technology, Bengaluru",Bangalore,Executive,42335.32,3,40,26,109305.59
IGDTUW,Kozhikode,Manager,43838.76,1,60,23,92606.32
IGDTUW,Kolkata,Executive,67077.83,4,82,32,118161.48
IIT Kharagpur,Mumbai,Executive,55332.2,4,50,47,110089.76
IIIT Delhi,Kozhikode,Executive,45415.19,4,77,37,81908.03
VIT Vellore,Durgapur,Executive,48854.54,1,51,24,69356.63
TIET/Thapar University,Kolkata,Executive,42209.87,4,83,34,87134.87
DTU,Rourkela,Executive,51600.02,1,73,50,117645.37
"Ramaiah Institute of Technology, Bengaluru",Hyderabad,Executive,54850.52,3,60,35,109658.21
NIT Bhopal,Dehradun,Executive,45919.52,3,52,45,89492.4
IIT Kanpur,Kolkata,Executive,57517.63,2,64,32,66563.8
IIT Kanpur,Chennai,Executive,50348.79,3,65,43,67040.7
"Ramaiah Institute of Technology, Bengaluru",Kolkata,Executive,60574.68,1,81,59,96370.1
NIT Calicut,Mumbai,Executive,63143.39,3,76,60,97067.81
NIT Calicut,Kozhikode,Executive,55620.44,1,51,51,64623.04
IIT Kanpur,Delhi,Manager,43379.53,4,49,54,81874.83
IIT Madras,Asansol,Manager,54056.4,1,36,40,88701.0
"IEM, Kolkata",Durgapur,Executive,67441.81,2,56,43,104684.38
IIT Bombay,Kozhikode,Executive,42555.61,2,55,24,118555.48
VIT Vellore,Asansol,Executive,60142.32,4,39,62,63045.06
NIT Calicut,Asansol,Executive,66169.97,3,36,57,94764.71
IIT Madras,Chennai,Executive,51911.08,2,49,57,59751.52
IIT Bombay,Bangalore,Manager,73759.65,1,54,63,94146.7
IIT Kharagpur,Rajpur Sonarpur,Executive,51683.83,1,79,30,104092.62
IIT Madras,Chennai,Executive,60799.08,1,35,29,116568.63
TIET/Thapar University,Rajpur Sonarpur,Executive,45234.69,1,67,33,109170.92
VIT Vellore,Asansol,Executive,52283.33,2,80,34,101060.96
IIT Kanpur,Bangalore,Executive,47880.05,3,64,58,116656.51
DTU,Delhi,Executive,41056.72,1,35,39,89291.04
SVNIT Surat,Kozhikode,Executive,48235.41,4,39,55,59268.15
"Ramaiah Institute of Technology, Bengaluru",Chennai,Manager,43724.61,1,71,31,80452.02
IIIT Bangalore,Hyderabad,Executive,50817.03,2,68,32,93522.56
TIET/Thapar University,Asansol,Executive,62932.84,3,51,64,111821.23
IGDTUW,Kozhikode,Executive,58375.74,1,71,61,98406.38
IIT Bombay,Mumbai,Executive,59523.18,3,74,40,94423.11
IIT Madras,Kolkata,Executive,40376.04,4,66,22,76700.16
Manipal Main Campus,Asansol,Executive,70866.2,4,45,52,116152.66
IIT Madras,Dehradun,Executive,44751.29,2,82,44,73729.31
IIT Kanpur,Dehradun,Executive,53347.62,4,35,18,118278.74
"Ramaiah Institute of Technology, Bengaluru",Chennai,Executive,57253.67,2,82,63,111153.71
IIT Bombay,Asansol,Executive,59599.8,4,78,45,119238.4
NIT Bhopal,Rourkela,Executive,74990.0,4,54,48,81049.13
DTU,Mumbai,Executive,46409.5,4,65,62,101023.15
Manipal Main Campus,Kozhikode,Executive,68384.33,2,53,36,97190.06
"KIIT, Bhubaneswar",Rourkela,Executive,55880.1,3,43,34,116600.16
IIT Kharagpur,Chennai,Manager,70773.3,3,70,58,72834.15
IIT Kanpur,Asansol,Executive,45196.67,3,70,24,106368.18
IGDTUW,Ajmer,Manager,46629.29,3,37,41,68152.13
NIT Bhopal,Ajmer,Executive,41602.11,3,52,53,63831.05
IIT Bombay,Rourkela,Manager,44481.78,2,73,43,103229.57
NIT Bhopal,Dehradun,Manager,67125.04,4,84,44,58609.53
"Ramaiah Institute of Technology, Bengaluru",Ajmer,Executive,51264.73,1,70,46,81851.09
IIT Kanpur,Mumbai,Manager,48111.1,3,68,33,99970.04
"Ramaiah Institute of Technology, Bengaluru",Dehradun,Manager,52184.92,3,60,44,91781.82
VIT Vellore,Bangalore,Executive,41741.29,3,74,37,79153.48
IIIT Delhi,Rajpur Sonarpur,Executive,63555.34,1,53,63,71768.49
"IEM, Kolkata",Asansol,Executive,67976.26,4,82,22,88937.17
"KIIT, Bhubaneswar",Dehradun,Executive,59621.86,2,83,48,113281.6
"Ramaiah Institute of Technology, Bengaluru",Kolkata,Executive,52311.93,4,40,49,104651.84
NIT Bhopal,Chennai,Executive,52116.5,1,47,63,70386.09
SVNIT Surat,Hyderabad,Executive,61420.24,3,72,55,94629.17
"KIIT, Bhubaneswar",Kozhikode,Executive,42121.23,4,72,30,59009.27
DTU,Chennai,Manager,46602.48,2,72,37,91574.0
IIITM Gwalior,Asansol,Manager,51882.28,1,72,39,56884.46
IIIT Delhi,Bangalore,Executive,44288.11,4,83,23,75407.64
TIET/Thapar University,Asansol,Manager,67353.96,2,77,31,68451.53
"IEM, Kolkata",Durgapur,Executive,51611.21,3,48,35,69390.48
DTU,Mumbai,Executive,52694.51,3,53,47,112779.34
IIIT Bangalore,Mumbai,Manager,57330.01,4,61,57,117154.74
IIT Kharagpur,Bangalore,Executive,61016.84,3,55,46,107370.54
TIET/Thapar University,Rourkela,Executive,66972.81,1,37,48,93491.07
NIT Calicut,Dehradun,Manager,70235.52,2,36,62,55287.32
IIT Delhi,Bangalore,Executive,53252.71,1,39,25,68981.92
IIITM Gwalior,Rajpur Sonarpur,Executive,68043.64,4,82,55,104486.6
IIT Kanpur,Asansol,Manager,73874.89,3,43,23,85220.21
IIIT Delhi,Ajmer,Executive,40109.96,2,85,26,110602.69
Manipal Main Campus,Kolkata,Executive,57661.86,1,67,46,118788.98
NIT Calicut,Delhi,Executive,67966.66,1,66,38,79431.73
IIT Madras,Hyderabad,Executive,57414.2,4,66,49,92001.22
IIITM Gwalior,Durgapur,Manager,67390.98,1,58,61,118937.3
TIET/Thapar University,Kozhikode,Executive,65073.95,4,50,48,83186.78
NIT Calicut,Mumbai,Executive,74339.04,2,77,23,61943.5
NIT Bhopal,Asansol,Executive,47355.38,1,80,41,91037.05
"IEM, Kolkata",Rourkela,Executive,58866.99,1,64,57,93401.11
VIT Vellore,Kolkata,Manager,47924.53,3,51,50,113757.77
IIITM Gwalior,Mumbai,Executive,60705.97,1,84,26,85166.62
IIITM Gwalior,Delhi,Executive,43176.65,3,61,62,92357.08
IIT Kanpur,Asansol,Executive,69082.89,3,69,55,105461.56
"KIIT, Bhubaneswar",Delhi,Executive,61219.5,1,54,63,97733.25
"IEM, Kolkata",Rourkela,Executive,40909.84,2,38,35,69681.48
IIIT Bangalore,Delhi,Executive,49401.27,1,54,21,90445.99
NIT Bhopal,Bangalore,Executive,64106.62,1,35,29,100177.09
TIET/Thapar University,Hyderabad,Executive,53304.45,2,38,28,90230.75
DTU,Rourkela,Executive,65088.15,4,70,22,96078.69
Manipal Main Campus,Kolkata,Executive,65999.82,1,48,40,87122.17
IIT Kharagpur,Asansol,Executive,59353.12,2,59,37,90867.22
"KIIT, Bhubaneswar",Kozhikode,Executive,59788.73,3,44,58,113924.8
TIET/Thapar University,Hyderabad,Executive,52323.54,2,40,22,95716.23
"Ramaiah Institute of Technology, Bengaluru",Delhi,Executive,69659.87,2,39,50,94660.78
"Ramaiah Institute of Technology, Bengaluru",Rajpur Sonarpur,Executive,40780.63,2,84,48,116388.47
IIIT Delhi,Delhi,Manager,58841.51,1,82,34,88765.63
DTU,Mumbai,Executive,72290.96,1,52,35,59665.97
Manipal Main Campus,Mumbai,Executive,69643.86,4,64,22,104269.7
SRM Main Campus,Chennai,Manager,51802.72,2,64,60,109920.88
"KIIT, Bhubaneswar",Chennai,Executive,57917.8,4,79,38,115650.07
IIT Madras,Mumbai,Executive,46426.6,1,38,25,112172.87
Manipal Main Campus,Durgapur,Executive,63468.81,1,48,45,111922.33
IIITM Gwalior,Asansol,Executive,72280.72,2,85,45,92525.05
IIT Madras,Chennai,Executive,71060.85,2,64,25,94347.78
IGDTUW,Dehradun,Manager,43547.72,2,41,31,55160.45
IIT Delhi,Chennai,Executive,70267.24,3,82,52,98488.15
"KIIT, Bhubaneswar",Rajpur Sonarpur,Executive,67793.34,4,81,34,105571.38
"Ramaiah Institute of Technology, Bengaluru",Bangalore,Executive,45723.5,1,50,63,86999.33
Manipal Main Campus,Rajpur Sonarpur,Executive,54560.2,1,84,30,73267.71
NIT Calicut,Kolkata,Executive,64366.7,2,79,51,64394.02
VIT Vellore,Dehradun,Manager,51482.47,3,37,48,94242.94
Manipal Main Campus,Delhi,Executive,74943.91,3,38,42,110433.82
IIT Delhi,Mumbai,Executive,56282.96,2,59,30,85033.81
SRM Main Campus,Ajmer,Executive,74780.07,2,60,54,76170.59
NIT Bhopal,Delhi,Executive,43600.02,3,70,53,80258.13
"IEM, Kolkata",Delhi,Manager,74824.09,3,81,45,119550.25
"Ramaiah Institute of Technology, Bengaluru",Hyderabad,Executive,59411.23,2,60,50,90914.11
IIIT Delhi,Dehradun,Executive,68701.57,2,39,29,68373.22
IIT Kharagpur,Rourkela,Executive,45581.02,1,41,36,105664.33
"IEM, Kolkata",Ajmer,Executive,73152.34,2,63,31,63944.95
SVNIT Surat,Durgapur,Manager,43207.22,4,61,44,67643.94
NIT Calicut,Rourkela,Executive,51290.8,1,62,40,119186.02
IIIT Delhi,Kolkata,Executive,43912.17,2,68,29,91241.88
Manipal Main Campus,Asansol,Executive,67053.09,1,61,53,114877.38
DTU,Durgapur,Executive,47230.69,1,40,34,112796.85
NIT Calicut,Asansol,Executive,51474.68,2,71,52,91030.41
VIT Vellore,Delhi,Executive,55262.78,4,47,54,80074.19
IGDTUW,Hyderabad,Manager,68685.11,4,83,58,93875.29
IIIT Delhi,Delhi,Executive,49123.76,4,64,58,94067.46
TIET/Thapar University,Bangalore,Executive,55263.36,4,70,24,60119.73
NIT Bhopal,Dehradun,Executive,69172.0,4,38,46,78241.63
NIT Calicut,Ajmer,Manager,55384.27,4,59,42,95200.97
NIT Calicut,Chennai,Executive,43942.16,2,43,23,60083.61
TIET/Thapar University,Ajmer,Executive,59495.35,1,36,44,75656.78
VIT Vellore,Chennai,Manager,45642.05,3,75,27,76113.43
NIT Bhopal,Bangalore,Executive,65762.79,3,60,41,116878.69
IIITM Gwalior,Rourkela,Executive,61721.89,1,84,38,70266.26
Manipal Main Campus,Bangalore,Executive,62401.72,1,37,21,82744.06
"IEM, Kolkata",Dehradun,Executive,49321.71,2,59,57,80529.48
IGDTUW,Durgapur,Executive,43572.6,2,54,53,63529.01
SRM Main Campus,Delhi,Executive,47794.64,2,61,20,78781.17
"KIIT, Bhubaneswar",Chennai,Executive,70074.35,3,65,26,76018.82
IIT Bombay,Asansol,Executive,56558.58,2,56,53,96487.33
IIIT Delhi,Kozhikode,Manager,67571.18,4,54,55,92905.63
IIITM Gwalior,Rajpur Sonarpur,Executive,46968.46,4,54,19,89166.68
